timestamp,driver_id,driver_name,lap_number,lap_time_sec,cumulative_time_sec,position,lap_time_formatted
2025-04-04 17:24:24,5,Carlos Sainz,1,86.38,86.38,1,01:26.380
2025-04-04 17:24:37,18,Oscar Piastri,1,87.12,87.12,2,01:27.120
2025-04-04 17:24:26,7,Fernando Alonso,1,88.19,88.19,3,01:28.190
2025-04-04 17:24:31,12,Kevin Magnussen,1,88.53,88.53,4,01:28.530
2025-04-04 17:24:32,13,Yuki Tsunoda,1,89.1,89.1,5,01:29.100
2025-04-04 17:24:33,14,Nico Hulkenberg,1,90.24,90.24,6,01:30.240
2025-04-04 17:24:34,15,Zhou Guanyu,1,90.76,90.76,7,01:30.760
2025-04-04 17:24:30,11,Valtteri Bottas,1,91.12,91.12,8,01:31.120
2025-04-04 17:24:39,20,Daniel Ricciardo,1,93.52,93.52,9,01:33.520
2025-04-04 17:24:21,2,Max Verstappen,1,94.47,94.47,10,01:34.470
2025-04-04 17:24:28,9,Esteban Ocon,1,94.66,94.66,11,01:34.660
2025-04-04 17:24:25,6,George Russell,1,95.06,95.06,12,01:35.060
2025-04-04 17:24:29,10,Pierre Gasly,1,95.32,95.32,13,01:35.320
2025-04-04 17:24:20,1,Lewis Hamilton,1,95.93,95.93,14,01:35.930
2025-04-04 17:24:27,8,Sergio Perez,1,96.31,96.31,15,01:36.310
2025-04-04 17:24:36,17,Logan Sargeant,1,97.22,97.22,16,01:37.220
2025-04-04 17:24:23,4,Lando Norris,1,97.78,97.78,17,01:37.780
2025-04-04 17:24:22,3,Charles Leclerc,1,98.22,98.22,18,01:38.220
2025-04-04 17:24:35,16,Alexander Albon,1,98.67,98.67,19,01:38.670
2025-04-04 17:24:38,19,Lance Stroll,1,99.02,99.02,20,01:39.020
2025-04-04 17:25:04,5,Carlos Sainz,2,85.21,171.59,1,01:25.210
2025-04-04 17:25:06,7,Fernando Alonso,2,87.28,175.47,2,01:27.280
2025-04-04 17:25:17,18,Oscar Piastri,2,90.4,177.52,3,01:30.400
2025-04-04 17:25:09,10,Pierre Gasly,2,85.5,180.82,4,01:25.500
2025-04-04 17:25:13,14,Nico Hulkenberg,2,91.48,181.72,5,01:31.480
2025-04-04 17:25:11,12,Kevin Magnussen,2,93.56,182.09,6,01:33.560
2025-04-04 17:25:00,1,Lewis Hamilton,2,88.24,184.17,7,01:28.240
2025-04-04 17:25:07,8,Sergio Perez,2,87.95,184.26,8,01:27.950
2025-04-04 17:25:14,15,Zhou Guanyu,2,93.69,184.45,9,01:33.690
2025-04-04 17:25:10,11,Valtteri Bottas,2,93.71,184.83,10,01:33.710
2025-04-04 17:25:12,13,Yuki Tsunoda,2,96.15,185.25,11,01:36.150
2025-04-04 17:25:02,3,Charles Leclerc,2,88.2,186.42,12,01:28.200
2025-04-04 17:25:16,17,Logan Sargeant,2,89.26,186.48,13,01:29.260
2025-04-04 17:25:08,9,Esteban Ocon,2,92.3,186.96,14,01:32.300
2025-04-04 17:25:01,2,Max Verstappen,2,93.17,187.64,15,01:33.170
2025-04-04 17:25:19,20,Daniel Ricciardo,2,94.12,187.64,16,01:34.120
2025-04-04 17:25:05,6,George Russell,2,92.83,187.89,17,01:32.830
2025-04-04 17:25:18,19,Lance Stroll,2,91.01,190.03,18,01:31.010
2025-04-04 17:25:03,4,Lando Norris,2,95.18,192.96,19,01:35.180
2025-04-04 17:25:15,16,Alexander Albon,2,99.79,198.46,20,01:39.790
2025-04-04 17:25:44,5,Carlos Sainz,3,91.67,263.26,1,01:31.670
2025-04-04 17:25:46,7,Fernando Alonso,3,90.61,266.08,2,01:30.610
2025-04-04 17:25:49,10,Pierre Gasly,3,89.43,270.25,3,01:29.430
2025-04-04 17:25:51,12,Kevin Magnussen,3,88.26,270.35,4,01:28.260
2025-04-04 17:25:47,8,Sergio Perez,3,87.0,271.26,5,01:27.000
2025-04-04 17:25:59,20,Daniel Ricciardo,3,85.05,272.69,6,01:25.050
2025-04-04 17:25:40,1,Lewis Hamilton,3,89.51,273.68,7,01:29.510
2025-04-04 17:25:57,18,Oscar Piastri,3,96.84,274.36,8,01:36.840
2025-04-04 17:25:42,3,Charles Leclerc,3,91.04,277.46,9,01:31.040
2025-04-04 17:25:52,13,Yuki Tsunoda,3,94.22,279.47,10,01:34.220
2025-04-04 17:25:53,14,Nico Hulkenberg,3,98.5,280.22,11,01:38.500
2025-04-04 17:25:45,6,George Russell,3,93.6,281.49,12,01:33.600
2025-04-04 17:25:50,11,Valtteri Bottas,3,97.07,281.9,13,01:37.070
2025-04-04 17:25:56,17,Logan Sargeant,3,96.02,282.5,14,01:36.020
2025-04-04 17:25:43,4,Lando Norris,3,91.02,283.98,15,01:31.020
2025-04-04 17:25:54,15,Zhou Guanyu,3,99.55,284.0,16,01:39.550
2025-04-04 17:25:58,19,Lance Stroll,3,94.08,284.11,17,01:34.080
2025-04-04 17:25:41,2,Max Verstappen,3,97.42,285.06,18,01:37.420
2025-04-04 17:25:48,9,Esteban Ocon,3,99.62,286.58,19,01:39.620
2025-04-04 17:25:55,16,Alexander Albon,3,97.62,296.08,20,01:37.620
2025-04-04 17:26:24,5,Carlos Sainz,4,87.63,350.89,1,01:27.630
2025-04-04 17:26:31,12,Kevin Magnussen,4,87.92,358.27,2,01:27.920
2025-04-04 17:26:39,20,Daniel Ricciardo,4,85.69,358.38,3,01:25.690
2025-04-04 17:26:29,10,Pierre Gasly,4,90.9,361.15,4,01:30.900
2025-04-04 17:26:20,1,Lewis Hamilton,4,88.7,362.38,5,01:28.700
2025-04-04 17:26:26,7,Fernando Alonso,4,97.34,363.42,6,01:37.340
2025-04-04 17:26:27,8,Sergio Perez,4,93.75,365.01,7,01:33.750
2025-04-04 17:26:32,13,Yuki Tsunoda,4,85.83,365.3,8,01:25.830
2025-04-04 17:26:37,18,Oscar Piastri,4,92.19,366.55,9,01:32.190
2025-04-04 17:26:30,11,Valtteri Bottas,4,88.51,370.41,10,01:28.510
2025-04-04 17:26:21,2,Max Verstappen,4,86.55,371.61,11,01:26.550
2025-04-04 17:26:34,15,Zhou Guanyu,4,87.85,371.85,12,01:27.850
2025-04-04 17:26:36,17,Logan Sargeant,4,91.76,374.26,13,01:31.760
2025-04-04 17:26:22,3,Charles Leclerc,4,97.06,374.52,14,01:37.060
2025-04-04 17:26:28,9,Esteban Ocon,4,90.11,376.69,15,01:30.110
2025-04-04 17:26:23,4,Lando Norris,4,93.46,377.44,16,01:33.460
2025-04-04 17:26:25,6,George Russell,4,95.96,377.45,17,01:35.960
2025-04-04 17:26:38,19,Lance Stroll,4,93.97,378.08,18,01:33.970
2025-04-04 17:26:33,14,Nico Hulkenberg,4,97.94,378.16,19,01:37.940
2025-04-04 17:26:35,16,Alexander Albon,4,90.66,386.74,20,01:30.660
2025-04-04 17:27:04,5,Carlos Sainz,5,86.74,437.63,1,01:26.740
2025-04-04 17:27:19,20,Daniel Ricciardo,5,89.01,447.39,2,01:29.010
2025-04-04 17:27:06,7,Fernando Alonso,5,89.73,453.15,3,01:29.730
2025-04-04 17:27:09,10,Pierre Gasly,5,93.13,454.28,4,01:33.130
2025-04-04 17:27:12,13,Yuki Tsunoda,5,90.44,455.74,5,01:30.440
2025-04-04 17:27:11,12,Kevin Magnussen,5,99.03,457.3,6,01:39.030
2025-04-04 17:27:01,2,Max Verstappen,5,85.75,457.36,7,01:25.750
2025-04-04 17:27:00,1,Lewis Hamilton,5,95.31,457.69,8,01:35.310
2025-04-04 17:27:10,11,Valtteri Bottas,5,87.43,457.84,9,01:27.430
2025-04-04 17:27:17,18,Oscar Piastri,5,91.7,458.25,10,01:31.700
2025-04-04 17:27:14,15,Zhou Guanyu,5,87.05,458.9,11,01:27.050
2025-04-04 17:27:07,8,Sergio Perez,5,94.99,460.0,12,01:34.990
2025-04-04 17:27:02,3,Charles Leclerc,5,89.51,464.03,13,01:29.510
2025-04-04 17:27:16,17,Logan Sargeant,5,89.86,464.12,14,01:29.860
2025-04-04 17:27:08,9,Esteban Ocon,5,89.12,465.81,15,01:29.120
2025-04-04 17:27:03,4,Lando Norris,5,91.42,468.86,16,01:31.420
2025-04-04 17:27:05,6,George Russell,5,92.53,469.98,17,01:32.530
2025-04-04 17:27:13,14,Nico Hulkenberg,5,92.88,471.04,18,01:32.880
2025-04-04 17:27:15,16,Alexander Albon,5,89.59,476.33,19,01:29.590
2025-04-04 17:27:18,19,Lance Stroll,5,98.33,476.41,20,01:38.330
2025-04-04 17:27:44,5,Carlos Sainz,6,99.5,537.13,1,01:39.500
2025-04-04 17:27:59,20,Daniel Ricciardo,6,90.81,538.2,2,01:30.810
2025-04-04 17:27:46,7,Fernando Alonso,6,85.82,538.97,3,01:25.820
2025-04-04 17:27:41,2,Max Verstappen,6,85.57,542.93,4,01:25.570
2025-04-04 17:27:40,1,Lewis Hamilton,6,85.46,543.15,5,01:25.460
2025-04-04 17:27:49,10,Pierre Gasly,6,91.82,546.1,6,01:31.820
2025-04-04 17:27:51,12,Kevin Magnussen,6,92.1,549.4,7,01:32.100
2025-04-04 17:27:47,8,Sergio Perez,6,91.16,551.16,8,01:31.160
2025-04-04 17:27:52,13,Yuki Tsunoda,6,98.0,553.74,9,01:38.000
2025-04-04 17:27:54,15,Zhou Guanyu,6,95.19,554.09,10,01:35.190
2025-04-04 17:27:48,9,Esteban Ocon,6,88.44,554.25,11,01:28.440
2025-04-04 17:27:57,18,Oscar Piastri,6,96.9,555.15,12,01:36.900
2025-04-04 17:27:56,17,Logan Sargeant,6,92.79,556.91,13,01:32.790
2025-04-04 17:27:50,11,Valtteri Bottas,6,99.91,557.75,14,01:39.910
2025-04-04 17:27:42,3,Charles Leclerc,6,95.78,559.81,15,01:35.780
2025-04-04 17:27:55,16,Alexander Albon,6,85.12,561.45,16,01:25.120
2025-04-04 17:27:43,4,Lando Norris,6,92.75,561.61,17,01:32.750
2025-04-04 17:27:45,6,George Russell,6,95.96,565.94,18,01:35.960
2025-04-04 17:27:53,14,Nico Hulkenberg,6,96.57,567.61,19,01:36.570
2025-04-04 17:27:58,19,Lance Stroll,6,91.58,567.99,20,01:31.580
2025-04-04 17:28:24,5,Carlos Sainz,7,90.63,627.76,1,01:30.630
2025-04-04 17:28:39,20,Daniel Ricciardo,7,93.79,631.99,2,01:33.790
2025-04-04 17:28:29,10,Pierre Gasly,7,89.3,635.4,3,01:29.300
2025-04-04 17:28:21,2,Max Verstappen,7,92.75,635.68,4,01:32.750
2025-04-04 17:28:20,1,Lewis Hamilton,7,92.84,635.99,5,01:32.840
2025-04-04 17:28:31,12,Kevin Magnussen,7,86.72,636.12,6,01:26.720
2025-04-04 17:28:26,7,Fernando Alonso,7,98.33,637.3,7,01:38.330
2025-04-04 17:28:28,9,Esteban Ocon,7,87.59,641.84,8,01:27.590
2025-04-04 17:28:22,3,Charles Leclerc,7,85.14,644.95,9,01:25.140
2025-04-04 17:28:30,11,Valtteri Bottas,7,88.65,646.4,10,01:28.650
2025-04-04 17:28:34,15,Zhou Guanyu,7,92.9,646.99,11,01:32.900
2025-04-04 17:28:35,16,Alexander Albon,7,87.39,648.84,12,01:27.390
2025-04-04 17:28:37,18,Oscar Piastri,7,93.71,648.86,13,01:33.710
2025-04-04 17:28:23,4,Lando Norris,7,89.36,650.97,14,01:29.360
2025-04-04 17:28:27,8,Sergio Perez,7,99.94,651.1,15,01:39.940
2025-04-04 17:28:32,13,Yuki Tsunoda,7,98.26,652.0,16,01:38.260
2025-04-04 17:28:25,6,George Russell,7,88.58,654.52,17,01:28.580
2025-04-04 17:28:36,17,Logan Sargeant,7,99.45,656.36,18,01:39.450
2025-04-04 17:28:33,14,Nico Hulkenberg,7,92.78,660.39,19,01:32.780
2025-04-04 17:28:38,19,Lance Stroll,7,93.72,661.71,20,01:33.720
2025-04-04 17:29:04,5,Carlos Sainz,8,92.22,719.98,1,01:32.220
2025-04-04 17:29:00,1,Lewis Hamilton,8,87.71,723.7,2,01:27.710
2025-04-04 17:29:06,7,Fernando Alonso,8,89.83,727.13,3,01:29.830
2025-04-04 17:29:11,12,Kevin Magnussen,8,92.62,728.74,4,01:32.620
2025-04-04 17:29:09,10,Pierre Gasly,8,93.52,728.92,5,01:33.520
2025-04-04 17:29:19,20,Daniel Ricciardo,8,97.13,729.12,6,01:37.130
2025-04-04 17:29:08,9,Esteban Ocon,8,90.0,731.84,7,01:30.000
2025-04-04 17:29:14,15,Zhou Guanyu,8,86.8,733.79,8,01:26.800
2025-04-04 17:29:10,11,Valtteri Bottas,8,87.84,734.24,9,01:27.840
2025-04-04 17:29:02,3,Charles Leclerc,8,89.3,734.25,10,01:29.300
2025-04-04 17:29:01,2,Max Verstappen,8,99.42,735.1,11,01:39.420
2025-04-04 17:29:12,13,Yuki Tsunoda,8,87.55,739.55,12,01:27.550
2025-04-04 17:29:15,16,Alexander Albon,8,91.83,740.67,13,01:31.830
2025-04-04 17:29:07,8,Sergio Perez,8,90.64,741.74,14,01:30.640
2025-04-04 17:29:17,18,Oscar Piastri,8,95.24,744.1,15,01:35.240
2025-04-04 17:29:03,4,Lando Norris,8,97.23,748.2,16,01:37.230
2025-04-04 17:29:18,19,Lance Stroll,8,87.72,749.43,17,01:27.720
2025-04-04 17:29:16,17,Logan Sargeant,8,93.1,749.46,18,01:33.100
2025-04-04 17:29:13,14,Nico Hulkenberg,8,89.16,749.55,19,01:29.160
2025-04-04 17:29:05,6,George Russell,8,96.62,751.14,20,01:36.620
2025-04-04 17:29:51,12,Kevin Magnussen,9,86.55,815.29,1,01:26.550
2025-04-04 17:29:49,10,Pierre Gasly,9,86.44,815.36,2,01:26.440
2025-04-04 17:29:40,1,Lewis Hamilton,9,92.39,816.09,3,01:32.390
2025-04-04 17:29:44,5,Carlos Sainz,9,96.41,816.39,4,01:36.410
2025-04-04 17:29:46,7,Fernando Alonso,9,93.4,820.53,5,01:33.400
2025-04-04 17:29:48,9,Esteban Ocon,9,90.86,822.7,6,01:30.860
2025-04-04 17:29:59,20,Daniel Ricciardo,9,95.57,824.69,7,01:35.570
2025-04-04 17:29:54,15,Zhou Guanyu,9,93.09,826.88,8,01:33.090
2025-04-04 17:29:50,11,Valtteri Bottas,9,94.13,828.37,9,01:34.130
2025-04-04 17:29:55,16,Alexander Albon,9,91.15,831.82,10,01:31.150
2025-04-04 17:29:41,2,Max Verstappen,9,97.17,832.27,11,01:37.170
2025-04-04 17:29:42,3,Charles Leclerc,9,99.78,834.03,12,01:39.780
2025-04-04 17:29:43,4,Lando Norris,9,89.62,837.82,13,01:29.620
2025-04-04 17:29:52,13,Yuki Tsunoda,9,99.36,838.91,14,01:39.360
2025-04-04 17:29:47,8,Sergio Perez,9,97.86,839.6,15,01:37.860
2025-04-04 17:29:45,6,George Russell,9,88.68,839.82,16,01:28.680
2025-04-04 17:29:53,14,Nico Hulkenberg,9,91.02,840.57,17,01:31.020
2025-04-04 17:29:57,18,Oscar Piastri,9,96.87,840.97,18,01:36.870
2025-04-04 17:29:58,19,Lance Stroll,9,95.99,845.42,19,01:35.990
2025-04-04 17:29:56,17,Logan Sargeant,9,96.34,845.8,20,01:36.340
2025-04-04 17:30:24,5,Carlos Sainz,10,85.0,901.39,1,01:25.000
2025-04-04 17:30:20,1,Lewis Hamilton,10,85.4,901.49,2,01:25.400
2025-04-04 17:30:34,15,Zhou Guanyu,10,86.64,913.52,3,01:26.640
2025-04-04 17:30:29,10,Pierre Gasly,10,99.02,914.38,4,01:39.020
2025-04-04 17:30:31,12,Kevin Magnussen,10,99.16,914.45,5,01:39.160
2025-04-04 17:30:26,7,Fernando Alonso,10,96.06,916.59,6,01:36.060
2025-04-04 17:30:28,9,Esteban Ocon,10,94.52,917.22,7,01:34.520
2025-04-04 17:30:35,16,Alexander Albon,10,88.7,920.52,8,01:28.700
2025-04-04 17:30:21,2,Max Verstappen,10,88.81,921.08,9,01:28.810
2025-04-04 17:30:30,11,Valtteri Bottas,10,93.47,921.84,10,01:33.470
2025-04-04 17:30:39,20,Daniel Ricciardo,10,98.44,923.13,11,01:38.440
2025-04-04 17:30:23,4,Lando Norris,10,86.98,924.8,12,01:26.980
2025-04-04 17:30:22,3,Charles Leclerc,10,92.99,927.02,13,01:32.990
2025-04-04 17:30:25,6,George Russell,10,87.5,927.32,14,01:27.500
2025-04-04 17:30:33,14,Nico Hulkenberg,10,87.3,927.87,15,01:27.300
2025-04-04 17:30:27,8,Sergio Perez,10,90.45,930.05,16,01:30.450
2025-04-04 17:30:37,18,Oscar Piastri,10,91.49,932.46,17,01:31.490
2025-04-04 17:30:38,19,Lance Stroll,10,88.97,934.39,18,01:28.970
2025-04-04 17:30:36,17,Logan Sargeant,10,91.31,937.11,19,01:31.310
2025-04-04 17:30:32,13,Yuki Tsunoda,10,99.45,938.36,20,01:39.450
2025-04-04 17:31:04,5,Carlos Sainz,11,91.81,993.2,1,01:31.810
2025-04-04 17:31:00,1,Lewis Hamilton,11,98.55,1000.04,2,01:38.550
2025-04-04 17:31:14,15,Zhou Guanyu,11,89.58,1003.1,3,01:29.580
2025-04-04 17:31:06,7,Fernando Alonso,11,87.78,1004.37,4,01:27.780
2025-04-04 17:31:11,12,Kevin Magnussen,11,90.49,1004.94,5,01:30.490
2025-04-04 17:31:08,9,Esteban Ocon,11,89.41,1006.63,6,01:29.410
2025-04-04 17:31:15,16,Alexander Albon,11,88.27,1008.79,7,01:28.270
2025-04-04 17:31:09,10,Pierre Gasly,11,97.59,1011.97,8,01:37.590
2025-04-04 17:31:03,4,Lando Norris,11,90.24,1015.04,9,01:30.240
2025-04-04 17:31:01,2,Max Verstappen,11,95.29,1016.37,10,01:35.290
2025-04-04 17:31:02,3,Charles Leclerc,11,90.02,1017.04,11,01:30.020
2025-04-04 17:31:13,14,Nico Hulkenberg,11,90.0,1017.87,12,01:30.000
2025-04-04 17:31:19,20,Daniel Ricciardo,11,96.17,1019.3,13,01:36.170
2025-04-04 17:31:10,11,Valtteri Bottas,11,97.77,1019.61,14,01:37.770
2025-04-04 17:31:05,6,George Russell,11,95.59,1022.91,15,01:35.590
2025-04-04 17:31:17,18,Oscar Piastri,11,92.17,1024.63,16,01:32.170
2025-04-04 17:31:18,19,Lance Stroll,11,90.37,1024.76,17,01:30.370
2025-04-04 17:31:12,13,Yuki Tsunoda,11,89.15,1027.51,18,01:29.150
2025-04-04 17:31:07,8,Sergio Perez,11,99.87,1029.92,19,01:39.870
2025-04-04 17:31:16,17,Logan Sargeant,11,93.41,1030.52,20,01:33.410
2025-04-04 17:31:40,1,Lewis Hamilton,12,90.12,1090.16,1,01:30.120
2025-04-04 17:31:54,15,Zhou Guanyu,12,87.42,1090.52,2,01:27.420
2025-04-04 17:31:44,5,Carlos Sainz,12,97.62,1090.82,3,01:37.620
2025-04-04 17:31:55,16,Alexander Albon,12,86.37,1095.16,4,01:26.370
2025-04-04 17:31:51,12,Kevin Magnussen,12,90.51,1095.45,5,01:30.510
2025-04-04 17:31:48,9,Esteban Ocon,12,91.55,1098.18,6,01:31.550
2025-04-04 17:31:49,10,Pierre Gasly,12,86.22,1098.19,7,01:26.220
2025-04-04 17:31:43,4,Lando Norris,12,85.18,1100.22,8,01:25.180
2025-04-04 17:31:53,14,Nico Hulkenberg,12,85.37,1103.24,9,01:25.370
2025-04-04 17:31:46,7,Fernando Alonso,12,99.41,1103.78,10,01:39.410
2025-04-04 17:31:42,3,Charles Leclerc,12,87.86,1104.9,11,01:27.860
2025-04-04 17:31:50,11,Valtteri Bottas,12,85.72,1105.33,12,01:25.720
2025-04-04 17:31:41,2,Max Verstappen,12,90.43,1106.8,13,01:30.430
2025-04-04 17:31:45,6,George Russell,12,87.7,1110.61,14,01:27.700
2025-04-04 17:31:59,20,Daniel Ricciardo,12,91.74,1111.04,15,01:31.740
2025-04-04 17:31:56,17,Logan Sargeant,12,87.24,1117.76,16,01:27.240
2025-04-04 17:31:52,13,Yuki Tsunoda,12,92.13,1119.64,17,01:32.130
2025-04-04 17:31:47,8,Sergio Perez,12,89.91,1119.83,18,01:29.910
2025-04-04 17:31:57,18,Oscar Piastri,12,95.79,1120.42,19,01:35.790
2025-04-04 17:31:58,19,Lance Stroll,12,96.67,1121.43,20,01:36.670
2025-04-04 17:32:34,15,Zhou Guanyu,13,86.3,1176.82,1,01:26.300
2025-04-04 17:32:24,5,Carlos Sainz,13,89.63,1180.45,2,01:29.630
2025-04-04 17:32:20,1,Lewis Hamilton,13,95.46,1185.62,3,01:35.460
2025-04-04 17:32:31,12,Kevin Magnussen,13,92.47,1187.92,4,01:32.470
2025-04-04 17:32:23,4,Lando Norris,13,89.36,1189.58,5,01:29.360
2025-04-04 17:32:28,9,Esteban Ocon,13,92.38,1190.56,6,01:32.380
2025-04-04 17:32:26,7,Fernando Alonso,13,87.52,1191.3,7,01:27.520
2025-04-04 17:32:35,16,Alexander Albon,13,98.52,1193.68,8,01:38.520
2025-04-04 17:32:22,3,Charles Leclerc,13,91.45,1196.35,9,01:31.450
2025-04-04 17:32:29,10,Pierre Gasly,13,98.26,1196.45,10,01:38.260
2025-04-04 17:32:21,2,Max Verstappen,13,91.45,1198.25,11,01:31.450
2025-04-04 17:32:33,14,Nico Hulkenberg,13,95.18,1198.42,12,01:35.180
2025-04-04 17:32:30,11,Valtteri Bottas,13,95.07,1200.4,13,01:35.070
2025-04-04 17:32:39,20,Daniel Ricciardo,13,92.41,1203.45,14,01:32.410
2025-04-04 17:32:25,6,George Russell,13,95.47,1206.08,15,01:35.470
2025-04-04 17:32:27,8,Sergio Perez,13,88.64,1208.47,16,01:28.640
2025-04-04 17:32:32,13,Yuki Tsunoda,13,90.2,1209.84,17,01:30.200
2025-04-04 17:32:36,17,Logan Sargeant,13,92.26,1210.02,18,01:32.260
2025-04-04 17:32:38,19,Lance Stroll,13,92.22,1213.65,19,01:32.220
2025-04-04 17:32:37,18,Oscar Piastri,13,94.27,1214.69,20,01:34.270
2025-04-04 17:33:14,15,Zhou Guanyu,14,86.21,1263.03,1,01:26.210
2025-04-04 17:33:04,5,Carlos Sainz,14,92.72,1273.17,2,01:32.720
2025-04-04 17:33:00,1,Lewis Hamilton,14,90.76,1276.38,3,01:30.760
2025-04-04 17:33:15,16,Alexander Albon,14,86.08,1279.76,4,01:26.080
2025-04-04 17:33:06,7,Fernando Alonso,14,90.43,1281.73,5,01:30.430
2025-04-04 17:33:11,12,Kevin Magnussen,14,96.81,1284.73,6,01:36.810
2025-04-04 17:33:02,3,Charles Leclerc,14,88.7,1285.05,7,01:28.700
2025-04-04 17:33:10,11,Valtteri Bottas,14,85.36,1285.76,8,01:25.360
2025-04-04 17:33:03,4,Lando Norris,14,96.19,1285.77,9,01:36.190
2025-04-04 17:33:08,9,Esteban Ocon,14,96.93,1287.49,10,01:36.930
2025-04-04 17:33:09,10,Pierre Gasly,14,97.42,1293.87,11,01:37.420
2025-04-04 17:33:13,14,Nico Hulkenberg,14,97.06,1295.48,12,01:37.060
2025-04-04 17:33:01,2,Max Verstappen,14,98.64,1296.89,13,01:38.640
2025-04-04 17:33:16,17,Logan Sargeant,14,90.7,1300.72,14,01:30.700
2025-04-04 17:33:07,8,Sergio Perez,14,92.4,1300.87,15,01:32.400
2025-04-04 17:33:19,20,Daniel Ricciardo,14,98.07,1301.52,16,01:38.070
2025-04-04 17:33:05,6,George Russell,14,96.57,1302.65,17,01:36.570
2025-04-04 17:33:12,13,Yuki Tsunoda,14,94.1,1303.94,18,01:34.100
2025-04-04 17:33:17,18,Oscar Piastri,14,91.14,1305.83,19,01:31.140
2025-04-04 17:33:18,19,Lance Stroll,14,96.24,1309.89,20,01:36.240
2025-04-04 17:33:54,15,Zhou Guanyu,15,90.91,1353.94,1,01:30.910
2025-04-04 17:33:46,7,Fernando Alonso,15,85.17,1366.9,2,01:25.170
2025-04-04 17:33:40,1,Lewis Hamilton,15,93.51,1369.89,3,01:33.510
2025-04-04 17:33:42,3,Charles Leclerc,15,85.34,1370.39,4,01:25.340
2025-04-04 17:33:43,4,Lando Norris,15,86.0,1371.77,5,01:26.000
2025-04-04 17:33:44,5,Carlos Sainz,15,99.07,1372.24,6,01:39.070
2025-04-04 17:33:55,16,Alexander Albon,15,96.72,1376.48,7,01:36.720
2025-04-04 17:33:51,12,Kevin Magnussen,15,94.48,1379.21,8,01:34.480
2025-04-04 17:33:48,9,Esteban Ocon,15,94.35,1381.84,9,01:34.350
2025-04-04 17:33:49,10,Pierre Gasly,15,88.72,1382.59,10,01:28.720
2025-04-04 17:33:50,11,Valtteri Bottas,15,97.22,1382.98,11,01:37.220
2025-04-04 17:33:52,13,Yuki Tsunoda,15,85.23,1389.17,12,01:25.230
2025-04-04 17:33:53,14,Nico Hulkenberg,15,93.75,1389.23,13,01:33.750
2025-04-04 17:33:57,18,Oscar Piastri,15,86.29,1392.12,14,01:26.290
2025-04-04 17:33:59,20,Daniel Ricciardo,15,90.71,1392.23,15,01:30.710
2025-04-04 17:33:47,8,Sergio Perez,15,91.61,1392.48,16,01:31.610
2025-04-04 17:33:45,6,George Russell,15,92.08,1394.73,17,01:32.080
2025-04-04 17:33:41,2,Max Verstappen,15,98.08,1394.97,18,01:38.080
2025-04-04 17:33:58,19,Lance Stroll,15,85.09,1394.98,19,01:25.090
2025-04-04 17:33:56,17,Logan Sargeant,15,94.63,1395.35,20,01:34.630
2025-04-04 17:34:34,15,Zhou Guanyu,16,94.6,1448.54,1,01:34.600
2025-04-04 17:34:26,7,Fernando Alonso,16,89.69,1456.59,2,01:29.690
2025-04-04 17:34:22,3,Charles Leclerc,16,86.4,1456.79,3,01:26.400
2025-04-04 17:34:23,4,Lando Norris,16,85.49,1457.26,4,01:25.490
2025-04-04 17:34:20,1,Lewis Hamilton,16,91.58,1461.47,5,01:31.580
2025-04-04 17:34:24,5,Carlos Sainz,16,89.96,1462.2,6,01:29.960
2025-04-04 17:34:31,12,Kevin Magnussen,16,87.88,1467.09,7,01:27.880
2025-04-04 17:34:35,16,Alexander Albon,16,95.92,1472.4,8,01:35.920
2025-04-04 17:34:29,10,Pierre Gasly,16,91.36,1473.95,9,01:31.360
2025-04-04 17:34:32,13,Yuki Tsunoda,16,85.37,1474.54,10,01:25.370
2025-04-04 17:34:33,14,Nico Hulkenberg,16,89.53,1478.76,11,01:29.530
2025-04-04 17:34:30,11,Valtteri Bottas,16,96.11,1479.09,12,01:36.110
2025-04-04 17:34:28,9,Esteban Ocon,16,98.52,1480.36,13,01:38.520
2025-04-04 17:34:27,8,Sergio Perez,16,88.85,1481.33,14,01:28.850
2025-04-04 17:34:36,17,Logan Sargeant,16,87.11,1482.46,15,01:27.110
2025-04-04 17:34:25,6,George Russell,16,89.5,1484.23,16,01:29.500
2025-04-04 17:34:37,18,Oscar Piastri,16,93.07,1485.19,17,01:33.070
2025-04-04 17:34:39,20,Daniel Ricciardo,16,93.54,1485.77,18,01:33.540
2025-04-04 17:34:38,19,Lance Stroll,16,93.93,1488.91,19,01:33.930
2025-04-04 17:34:21,2,Max Verstappen,16,96.43,1491.4,20,01:36.430
2025-04-04 17:35:14,15,Zhou Guanyu,17,96.34,1544.88,1,01:36.340
2025-04-04 17:35:02,3,Charles Leclerc,17,89.6,1546.39,2,01:29.600
2025-04-04 17:35:00,1,Lewis Hamilton,17,85.81,1547.28,3,01:25.810
2025-04-04 17:35:04,5,Carlos Sainz,17,86.26,1548.46,4,01:26.260
2025-04-04 17:35:03,4,Lando Norris,17,91.46,1548.72,5,01:31.460
2025-04-04 17:35:06,7,Fernando Alonso,17,93.4,1549.99,6,01:33.400
2025-04-04 17:35:12,13,Yuki Tsunoda,17,87.24,1561.78,7,01:27.240
2025-04-04 17:35:11,12,Kevin Magnussen,17,97.71,1564.8,8,01:37.710
2025-04-04 17:35:07,8,Sergio Perez,17,85.79,1567.12,9,01:25.790
2025-04-04 17:35:15,16,Alexander Albon,17,95.87,1568.27,10,01:35.870
2025-04-04 17:35:09,10,Pierre Gasly,17,95.63,1569.58,11,01:35.630
2025-04-04 17:35:08,9,Esteban Ocon,17,89.3,1569.66,12,01:29.300
2025-04-04 17:35:16,17,Logan Sargeant,17,93.18,1575.64,13,01:33.180
2025-04-04 17:35:13,14,Nico Hulkenberg,17,97.15,1575.91,14,01:37.150
2025-04-04 17:35:10,11,Valtteri Bottas,17,97.69,1576.78,15,01:37.690
2025-04-04 17:35:05,6,George Russell,17,97.36,1581.59,16,01:37.360
2025-04-04 17:35:18,19,Lance Stroll,17,93.7,1582.61,17,01:33.700
2025-04-04 17:35:17,18,Oscar Piastri,17,97.84,1583.03,18,01:37.840
2025-04-04 17:35:19,20,Daniel Ricciardo,17,97.82,1583.59,19,01:37.820
2025-04-04 17:35:01,2,Max Verstappen,17,92.28,1583.68,20,01:32.280
2025-04-04 17:35:40,1,Lewis Hamilton,18,86.91,1634.19,1,01:26.910
2025-04-04 17:35:54,15,Zhou Guanyu,18,89.66,1634.54,2,01:29.660
2025-04-04 17:35:44,5,Carlos Sainz,18,90.63,1639.09,3,01:30.630
2025-04-04 17:35:43,4,Lando Norris,18,91.18,1639.9,4,01:31.180
2025-04-04 17:35:42,3,Charles Leclerc,18,96.6,1642.99,5,01:36.600
2025-04-04 17:35:46,7,Fernando Alonso,18,96.87,1646.86,6,01:36.870
2025-04-04 17:35:47,8,Sergio Perez,18,88.05,1655.17,7,01:28.050
2025-04-04 17:35:51,12,Kevin Magnussen,18,91.89,1656.69,8,01:31.890
2025-04-04 17:35:49,10,Pierre Gasly,18,87.99,1657.57,9,01:27.990
2025-04-04 17:35:52,13,Yuki Tsunoda,18,99.76,1661.54,10,01:39.760
2025-04-04 17:35:55,16,Alexander Albon,18,93.46,1661.73,11,01:33.460
2025-04-04 17:35:56,17,Logan Sargeant,18,88.64,1664.28,12,01:28.640
2025-04-04 17:35:53,14,Nico Hulkenberg,18,89.83,1665.74,13,01:29.830
2025-04-04 17:35:48,9,Esteban Ocon,18,99.25,1668.91,14,01:39.250
2025-04-04 17:35:50,11,Valtteri Bottas,18,97.62,1674.4,15,01:37.620
2025-04-04 17:35:45,6,George Russell,18,93.59,1675.18,16,01:33.590
2025-04-04 17:35:57,18,Oscar Piastri,18,92.19,1675.22,17,01:32.190
2025-04-04 17:35:58,19,Lance Stroll,18,92.84,1675.45,18,01:32.840
2025-04-04 17:35:41,2,Max Verstappen,18,94.66,1678.34,19,01:34.660
2025-04-04 17:35:59,20,Daniel Ricciardo,18,99.75,1683.34,20,01:39.750
2025-04-04 17:36:34,15,Zhou Guanyu,19,90.12,1724.66,1,01:30.120
2025-04-04 17:36:24,5,Carlos Sainz,19,85.74,1724.83,2,01:25.740
2025-04-04 17:36:20,1,Lewis Hamilton,19,91.86,1726.05,3,01:31.860
2025-04-04 17:36:23,4,Lando Norris,19,88.99,1728.89,4,01:28.990
2025-04-04 17:36:22,3,Charles Leclerc,19,86.54,1729.53,5,01:26.540
2025-04-04 17:36:26,7,Fernando Alonso,19,87.37,1734.23,6,01:27.370
2025-04-04 17:36:31,12,Kevin Magnussen,19,89.1,1745.79,7,01:29.100
2025-04-04 17:36:27,8,Sergio Perez,19,91.21,1746.38,8,01:31.210
2025-04-04 17:36:32,13,Yuki Tsunoda,19,86.87,1748.41,9,01:26.870
2025-04-04 17:36:35,16,Alexander Albon,19,90.01,1751.74,10,01:30.010
2025-04-04 17:36:36,17,Logan Sargeant,19,89.81,1754.09,11,01:29.810
2025-04-04 17:36:28,9,Esteban Ocon,19,85.3,1754.21,12,01:25.300
2025-04-04 17:36:29,10,Pierre Gasly,19,97.93,1755.5,13,01:37.930
2025-04-04 17:36:33,14,Nico Hulkenberg,19,93.07,1758.81,14,01:33.070
2025-04-04 17:36:21,2,Max Verstappen,19,86.24,1764.58,15,01:26.240
2025-04-04 17:36:37,18,Oscar Piastri,19,90.53,1765.75,16,01:30.530
2025-04-04 17:36:30,11,Valtteri Bottas,19,93.81,1768.21,17,01:33.810
2025-04-04 17:36:38,19,Lance Stroll,19,97.73,1773.18,18,01:37.730
2025-04-04 17:36:25,6,George Russell,19,98.97,1774.15,19,01:38.970
2025-04-04 17:36:39,20,Daniel Ricciardo,19,93.22,1776.56,20,01:33.220
2025-04-04 17:37:04,5,Carlos Sainz,20,85.72,1810.55,1,01:25.720
2025-04-04 17:37:14,15,Zhou Guanyu,20,88.6,1813.26,2,01:28.600
2025-04-04 17:37:02,3,Charles Leclerc,20,85.37,1814.9,3,01:25.370
2025-04-04 17:37:00,1,Lewis Hamilton,20,92.83,1818.88,4,01:32.830
2025-04-04 17:37:06,7,Fernando Alonso,20,85.01,1819.24,5,01:25.010
2025-04-04 17:37:03,4,Lando Norris,20,97.06,1825.95,6,01:37.060
2025-04-04 17:37:08,9,Esteban Ocon,20,86.22,1840.43,7,01:26.220
2025-04-04 17:37:12,13,Yuki Tsunoda,20,93.07,1841.48,8,01:33.070
2025-04-04 17:37:07,8,Sergio Perez,20,95.71,1842.09,9,01:35.710
2025-04-04 17:37:09,10,Pierre Gasly,20,88.17,1843.67,10,01:28.170
2025-04-04 17:37:11,12,Kevin Magnussen,20,98.02,1843.81,11,01:38.020
2025-04-04 17:37:16,17,Logan Sargeant,20,90.77,1844.86,12,01:30.770
2025-04-04 17:37:15,16,Alexander Albon,20,97.31,1849.05,13,01:37.310
2025-04-04 17:37:01,2,Max Verstappen,20,86.63,1851.21,14,01:26.630
2025-04-04 17:37:13,14,Nico Hulkenberg,20,98.67,1857.48,15,01:38.670
2025-04-04 17:37:17,18,Oscar Piastri,20,92.56,1858.31,16,01:32.560
2025-04-04 17:37:05,6,George Russell,20,88.44,1862.59,17,01:28.440
2025-04-04 17:37:18,19,Lance Stroll,20,90.18,1863.36,18,01:30.180
2025-04-04 17:37:10,11,Valtteri Bottas,20,95.43,1863.64,19,01:35.430
2025-04-04 17:37:19,20,Daniel Ricciardo,20,87.12,1863.68,20,01:27.120
2025-04-04 17:37:54,15,Zhou Guanyu,21,90.09,1903.35,1,01:30.090
2025-04-04 17:37:40,1,Lewis Hamilton,21,87.92,1906.8,2,01:27.920
2025-04-04 17:37:42,3,Charles Leclerc,21,93.45,1908.35,3,01:33.450
2025-04-04 17:37:46,7,Fernando Alonso,21,89.17,1908.41,4,01:29.170
2025-04-04 17:37:44,5,Carlos Sainz,21,98.01,1908.56,5,01:38.010
2025-04-04 17:37:43,4,Lando Norris,21,96.76,1922.71,6,01:36.760
2025-04-04 17:37:52,13,Yuki Tsunoda,21,85.39,1926.87,7,01:25.390
2025-04-04 17:37:47,8,Sergio Perez,21,87.38,1929.47,8,01:27.380
2025-04-04 17:37:55,16,Alexander Albon,21,85.03,1934.08,9,01:25.030
2025-04-04 17:37:48,9,Esteban Ocon,21,93.7,1934.13,10,01:33.700
2025-04-04 17:37:49,10,Pierre Gasly,21,91.5,1935.17,11,01:31.500
2025-04-04 17:37:51,12,Kevin Magnussen,21,92.02,1935.83,12,01:32.020
2025-04-04 17:37:56,17,Logan Sargeant,21,91.78,1936.64,13,01:31.780
2025-04-04 17:37:41,2,Max Verstappen,21,97.53,1948.74,14,01:37.530
2025-04-04 17:37:59,20,Daniel Ricciardo,21,86.06,1949.74,15,01:26.060
2025-04-04 17:37:45,6,George Russell,21,91.55,1954.14,16,01:31.550
2025-04-04 17:37:57,18,Oscar Piastri,21,96.99,1955.3,17,01:36.990
2025-04-04 17:37:53,14,Nico Hulkenberg,21,98.96,1956.44,18,01:38.960
2025-04-04 17:37:58,19,Lance Stroll,21,93.9,1957.26,19,01:33.900
2025-04-04 17:37:50,11,Valtteri Bottas,21,99.46,1963.1,20,01:39.460
2025-04-04 17:38:26,7,Fernando Alonso,22,88.32,1996.73,1,01:28.320
2025-04-04 17:38:34,15,Zhou Guanyu,22,93.72,1997.07,2,01:33.720
2025-04-04 17:38:22,3,Charles Leclerc,22,91.33,1999.68,3,01:31.330
2025-04-04 17:38:20,1,Lewis Hamilton,22,94.49,2001.29,4,01:34.490
2025-04-04 17:38:24,5,Carlos Sainz,22,97.6,2006.16,5,01:37.600
2025-04-04 17:38:32,13,Yuki Tsunoda,22,85.09,2011.96,6,01:25.090
2025-04-04 17:38:23,4,Lando Norris,22,91.01,2013.72,7,01:31.010
2025-04-04 17:38:27,8,Sergio Perez,22,86.28,2015.75,8,01:26.280
2025-04-04 17:38:31,12,Kevin Magnussen,22,87.04,2022.87,9,01:27.040
2025-04-04 17:38:35,16,Alexander Albon,22,91.07,2025.15,10,01:31.070
2025-04-04 17:38:28,9,Esteban Ocon,22,95.8,2029.93,11,01:35.800
2025-04-04 17:38:29,10,Pierre Gasly,22,98.28,2033.45,12,01:38.280
2025-04-04 17:38:36,17,Logan Sargeant,22,96.97,2033.61,13,01:36.970
2025-04-04 17:38:21,2,Max Verstappen,22,87.23,2035.97,14,01:27.230
2025-04-04 17:38:39,20,Daniel Ricciardo,22,88.42,2038.16,15,01:28.420
2025-04-04 17:38:25,6,George Russell,22,86.94,2041.08,16,01:26.940
2025-04-04 17:38:38,19,Lance Stroll,22,88.45,2045.71,17,01:28.450
2025-04-04 17:38:37,18,Oscar Piastri,22,94.21,2049.51,18,01:34.210
2025-04-04 17:38:33,14,Nico Hulkenberg,22,98.09,2054.53,19,01:38.090
2025-04-04 17:38:30,11,Valtteri Bottas,22,93.39,2056.49,20,01:33.390
2025-04-04 17:39:02,3,Charles Leclerc,23,86.07,2085.75,1,01:26.070
2025-04-04 17:39:06,7,Fernando Alonso,23,89.16,2085.89,2,01:29.160
2025-04-04 17:39:14,15,Zhou Guanyu,23,92.23,2089.3,3,01:32.230
2025-04-04 17:39:00,1,Lewis Hamilton,23,91.58,2092.87,4,01:31.580
2025-04-04 17:39:03,4,Lando Norris,23,86.32,2100.04,5,01:26.320
2025-04-04 17:39:04,5,Carlos Sainz,23,95.49,2101.65,6,01:35.490
2025-04-04 17:39:07,8,Sergio Perez,23,94.34,2110.09,7,01:34.340
2025-04-04 17:39:12,13,Yuki Tsunoda,23,98.3,2110.26,8,01:38.300
2025-04-04 17:39:11,12,Kevin Magnussen,23,87.88,2110.75,9,01:27.880
2025-04-04 17:39:15,16,Alexander Albon,23,86.64,2111.79,10,01:26.640
2025-04-04 17:39:09,10,Pierre Gasly,23,86.52,2119.97,11,01:26.520
2025-04-04 17:39:08,9,Esteban Ocon,23,91.27,2121.2,12,01:31.270
2025-04-04 17:39:01,2,Max Verstappen,23,89.74,2125.71,13,01:29.740
2025-04-04 17:39:19,20,Daniel Ricciardo,23,91.56,2129.72,14,01:31.560
2025-04-04 17:39:16,17,Logan Sargeant,23,98.73,2132.34,15,01:38.730
2025-04-04 17:39:18,19,Lance Stroll,23,89.99,2135.7,16,01:29.990
2025-04-04 17:39:17,18,Oscar Piastri,23,88.63,2138.14,17,01:28.630
2025-04-04 17:39:05,6,George Russell,23,97.13,2138.21,18,01:37.130
2025-04-04 17:39:10,11,Valtteri Bottas,23,88.37,2144.86,19,01:28.370
2025-04-04 17:39:13,14,Nico Hulkenberg,23,97.96,2152.49,20,01:37.960
2025-04-04 17:39:42,3,Charles Leclerc,24,93.1,2178.85,1,01:33.100
2025-04-04 17:39:40,1,Lewis Hamilton,24,86.67,2179.54,2,01:26.670
2025-04-04 17:39:54,15,Zhou Guanyu,24,93.39,2182.69,3,01:33.390
2025-04-04 17:39:46,7,Fernando Alonso,24,98.93,2184.82,4,01:38.930
2025-04-04 17:39:43,4,Lando Norris,24,85.07,2185.11,5,01:25.070
2025-04-04 17:39:44,5,Carlos Sainz,24,86.88,2188.53,6,01:26.880
2025-04-04 17:39:52,13,Yuki Tsunoda,24,85.63,2195.89,7,01:25.630
2025-04-04 17:39:51,12,Kevin Magnussen,24,89.38,2200.13,8,01:29.380
2025-04-04 17:39:47,8,Sergio Perez,24,95.52,2205.61,9,01:35.520
2025-04-04 17:39:55,16,Alexander Albon,24,94.04,2205.83,10,01:34.040
2025-04-04 17:39:48,9,Esteban Ocon,24,89.75,2210.95,11,01:29.750
2025-04-04 17:39:49,10,Pierre Gasly,24,96.92,2216.89,12,01:36.920
2025-04-04 17:39:59,20,Daniel Ricciardo,24,89.33,2219.05,13,01:29.330
2025-04-04 17:39:41,2,Max Verstappen,24,95.28,2220.99,14,01:35.280
2025-04-04 17:39:58,19,Lance Stroll,24,87.1,2222.8,15,01:27.100
2025-04-04 17:39:56,17,Logan Sargeant,24,93.35,2225.69,16,01:33.350
2025-04-04 17:39:45,6,George Russell,24,95.1,2233.31,17,01:35.100
2025-04-04 17:39:57,18,Oscar Piastri,24,99.72,2237.86,18,01:39.720
2025-04-04 17:39:53,14,Nico Hulkenberg,24,87.9,2240.39,19,01:27.900
2025-04-04 17:39:50,11,Valtteri Bottas,24,98.85,2243.71,20,01:38.850
2025-04-04 17:40:22,3,Charles Leclerc,25,87.37,2266.22,1,01:27.370
2025-04-04 17:40:20,1,Lewis Hamilton,25,88.49,2268.03,2,01:28.490
2025-04-04 17:40:34,15,Zhou Guanyu,25,90.27,2272.96,3,01:30.270
2025-04-04 17:40:23,4,Lando Norris,25,90.99,2276.1,4,01:30.990
2025-04-04 17:40:24,5,Carlos Sainz,25,88.6,2277.13,5,01:28.600
2025-04-04 17:40:26,7,Fernando Alonso,25,97.82,2282.64,6,01:37.820
2025-04-04 17:40:32,13,Yuki Tsunoda,25,87.91,2283.8,7,01:27.910
2025-04-04 17:40:27,8,Sergio Perez,25,87.21,2292.82,8,01:27.210
2025-04-04 17:40:31,12,Kevin Magnussen,25,94.91,2295.04,9,01:34.910
2025-04-04 17:40:35,16,Alexander Albon,25,96.18,2302.01,10,01:36.180
2025-04-04 17:40:28,9,Esteban Ocon,25,98.89,2309.84,11,01:38.890
2025-04-04 17:40:29,10,Pierre Gasly,25,97.8,2314.69,12,01:37.800
2025-04-04 17:40:39,20,Daniel Ricciardo,25,96.83,2315.88,13,01:36.830
2025-04-04 17:40:38,19,Lance Stroll,25,93.22,2316.02,14,01:33.220
2025-04-04 17:40:21,2,Max Verstappen,25,96.94,2317.93,15,01:36.940
2025-04-04 17:40:36,17,Logan Sargeant,25,97.5,2323.19,16,01:37.500
2025-04-04 17:40:30,11,Valtteri Bottas,25,85.63,2329.34,17,01:25.630
2025-04-04 17:40:25,6,George Russell,25,96.88,2330.19,18,01:36.880
2025-04-04 17:40:37,18,Oscar Piastri,25,92.37,2330.23,19,01:32.370
2025-04-04 17:40:33,14,Nico Hulkenberg,25,99.61,2340.0,20,01:39.610
2025-04-04 17:41:03,4,Lando Norris,26,87.03,2363.13,1,01:27.030
2025-04-04 17:41:02,3,Charles Leclerc,26,99.64,2365.86,2,01:39.640
2025-04-04 17:41:00,1,Lewis Hamilton,26,98.07,2366.1,3,01:38.070
2025-04-04 17:41:04,5,Carlos Sainz,26,89.25,2366.38,4,01:29.250
2025-04-04 17:41:14,15,Zhou Guanyu,26,95.36,2368.32,5,01:35.360
2025-04-04 17:41:06,7,Fernando Alonso,26,98.26,2380.9,6,01:38.260
2025-04-04 17:41:12,13,Yuki Tsunoda,26,98.67,2382.47,7,01:38.670
2025-04-04 17:41:07,8,Sergio Perez,26,97.71,2390.53,8,01:37.710
2025-04-04 17:41:11,12,Kevin Magnussen,26,96.06,2391.1,9,01:36.060
2025-04-04 17:41:15,16,Alexander Albon,26,98.21,2400.22,10,01:38.210
2025-04-04 17:41:18,19,Lance Stroll,26,90.21,2406.23,11,01:30.210
2025-04-04 17:41:01,2,Max Verstappen,26,90.37,2408.3,12,01:30.370
2025-04-04 17:41:08,9,Esteban Ocon,26,99.65,2409.49,13,01:39.650
2025-04-04 17:41:16,17,Logan Sargeant,26,88.22,2411.41,14,01:28.220
2025-04-04 17:41:09,10,Pierre Gasly,26,97.62,2412.31,15,01:37.620
2025-04-04 17:41:19,20,Daniel Ricciardo,26,97.49,2413.37,16,01:37.490
2025-04-04 17:41:05,6,George Russell,26,87.4,2417.59,17,01:27.400
2025-04-04 17:41:10,11,Valtteri Bottas,26,88.9,2418.24,18,01:28.900
2025-04-04 17:41:17,18,Oscar Piastri,26,90.95,2421.18,19,01:30.950
2025-04-04 17:41:13,14,Nico Hulkenberg,26,88.37,2428.37,20,01:28.370
2025-04-04 17:41:40,1,Lewis Hamilton,27,88.62,2454.72,1,01:28.620
2025-04-04 17:41:44,5,Carlos Sainz,27,88.7,2455.08,2,01:28.700
2025-04-04 17:41:43,4,Lando Norris,27,92.15,2455.28,3,01:32.150
2025-04-04 17:41:54,15,Zhou Guanyu,27,88.64,2456.96,4,01:28.640
2025-04-04 17:41:42,3,Charles Leclerc,27,92.93,2458.79,5,01:32.930
2025-04-04 17:41:52,13,Yuki Tsunoda,27,92.32,2474.79,6,01:32.320
2025-04-04 17:41:46,7,Fernando Alonso,27,97.66,2478.56,7,01:37.660
2025-04-04 17:41:51,12,Kevin Magnussen,27,93.31,2484.41,8,01:33.310
2025-04-04 17:41:47,8,Sergio Perez,27,97.37,2487.9,9,01:37.370
2025-04-04 17:41:55,16,Alexander Albon,27,88.75,2488.97,10,01:28.750
2025-04-04 17:41:41,2,Max Verstappen,27,85.93,2494.23,11,01:25.930
2025-04-04 17:41:58,19,Lance Stroll,27,88.0,2494.23,12,01:28.000
2025-04-04 17:41:48,9,Esteban Ocon,27,87.34,2496.83,13,01:27.340
2025-04-04 17:41:49,10,Pierre Gasly,27,85.47,2497.78,14,01:25.470
2025-04-04 17:41:56,17,Logan Sargeant,27,86.9,2498.31,15,01:26.900
2025-04-04 17:41:59,20,Daniel Ricciardo,27,91.88,2505.25,16,01:31.880
2025-04-04 17:41:50,11,Valtteri Bottas,27,88.56,2506.8,17,01:28.560
2025-04-04 17:41:57,18,Oscar Piastri,27,88.87,2510.05,18,01:28.870
2025-04-04 17:41:45,6,George Russell,27,93.24,2510.83,19,01:33.240
2025-04-04 17:41:53,14,Nico Hulkenberg,27,98.96,2527.33,20,01:38.960
2025-04-04 17:42:20,1,Lewis Hamilton,28,89.31,2544.03,1,01:29.310
2025-04-04 17:42:34,15,Zhou Guanyu,28,90.45,2547.41,2,01:30.450
2025-04-04 17:42:24,5,Carlos Sainz,28,95.5,2550.58,3,01:35.500
2025-04-04 17:42:22,3,Charles Leclerc,28,92.4,2551.19,4,01:32.400
2025-04-04 17:42:23,4,Lando Norris,28,97.59,2552.87,5,01:37.590
2025-04-04 17:42:32,13,Yuki Tsunoda,28,91.8,2566.59,6,01:31.800
2025-04-04 17:42:31,12,Kevin Magnussen,28,88.02,2572.43,7,01:28.020
2025-04-04 17:42:26,7,Fernando Alonso,28,96.63,2575.19,8,01:36.630
2025-04-04 17:42:35,16,Alexander Albon,28,87.63,2576.6,9,01:27.630
2025-04-04 17:42:21,2,Max Verstappen,28,87.78,2582.01,10,01:27.780
2025-04-04 17:42:27,8,Sergio Perez,28,96.63,2584.53,11,01:36.630
2025-04-04 17:42:29,10,Pierre Gasly,28,86.88,2584.66,12,01:26.880
2025-04-04 17:42:28,9,Esteban Ocon,28,88.84,2585.67,13,01:28.840
2025-04-04 17:42:39,20,Daniel Ricciardo,28,86.48,2591.73,14,01:26.480
2025-04-04 17:42:38,19,Lance Stroll,28,99.82,2594.05,15,01:39.820
2025-04-04 17:42:36,17,Logan Sargeant,28,99.53,2597.84,16,01:39.530
2025-04-04 17:42:25,6,George Russell,28,88.07,2598.9,17,01:28.070
2025-04-04 17:42:30,11,Valtteri Bottas,28,93.48,2600.28,18,01:33.480
2025-04-04 17:42:37,18,Oscar Piastri,28,92.37,2602.42,19,01:32.370
2025-04-04 17:42:33,14,Nico Hulkenberg,28,93.33,2620.66,20,01:33.330
2025-04-04 17:43:04,5,Carlos Sainz,29,85.38,2635.96,1,01:25.380
2025-04-04 17:43:03,4,Lando Norris,29,86.03,2638.9,2,01:26.030
2025-04-04 17:43:00,1,Lewis Hamilton,29,98.9,2642.93,3,01:38.900
2025-04-04 17:43:14,15,Zhou Guanyu,29,97.6,2645.01,4,01:37.600
2025-04-04 17:43:02,3,Charles Leclerc,29,97.61,2648.8,5,01:37.610
2025-04-04 17:43:12,13,Yuki Tsunoda,29,91.6,2658.19,6,01:31.600
2025-04-04 17:43:06,7,Fernando Alonso,29,87.35,2662.54,7,01:27.350
2025-04-04 17:43:15,16,Alexander Albon,29,89.25,2665.85,8,01:29.250
2025-04-04 17:43:11,12,Kevin Magnussen,29,94.61,2667.04,9,01:34.610
2025-04-04 17:43:08,9,Esteban Ocon,29,89.83,2675.5,10,01:29.830
2025-04-04 17:43:09,10,Pierre Gasly,29,91.35,2676.01,11,01:31.350
2025-04-04 17:43:01,2,Max Verstappen,29,99.95,2681.96,12,01:39.950
2025-04-04 17:43:07,8,Sergio Perez,29,98.0,2682.53,13,01:38.000
2025-04-04 17:43:19,20,Daniel Ricciardo,29,95.6,2687.33,14,01:35.600
2025-04-04 17:43:05,6,George Russell,29,89.59,2688.49,15,01:29.590
2025-04-04 17:43:18,19,Lance Stroll,29,97.19,2691.24,16,01:37.190
2025-04-04 17:43:17,18,Oscar Piastri,29,89.39,2691.81,17,01:29.390
2025-04-04 17:43:10,11,Valtteri Bottas,29,91.73,2692.01,18,01:31.730
2025-04-04 17:43:16,17,Logan Sargeant,29,98.94,2696.78,19,01:38.940
2025-04-04 17:43:13,14,Nico Hulkenberg,29,93.74,2714.4,20,01:33.740
2025-04-04 17:43:44,5,Carlos Sainz,30,96.68,2732.64,1,01:36.680
2025-04-04 17:43:43,4,Lando Norris,30,98.19,2737.09,2,01:38.190
2025-04-04 17:43:40,1,Lewis Hamilton,30,95.69,2738.62,3,01:35.690
2025-04-04 17:43:54,15,Zhou Guanyu,30,97.4,2742.41,4,01:37.400
2025-04-04 17:43:52,13,Yuki Tsunoda,30,85.23,2743.42,5,01:25.230
2025-04-04 17:43:42,3,Charles Leclerc,30,95.68,2744.48,6,01:35.680
2025-04-04 17:43:46,7,Fernando Alonso,30,94.77,2757.31,7,01:34.770
2025-04-04 17:43:55,16,Alexander Albon,30,95.04,2760.89,8,01:35.040
2025-04-04 17:43:51,12,Kevin Magnussen,30,94.01,2761.05,9,01:34.010
2025-04-04 17:43:49,10,Pierre Gasly,30,86.95,2762.96,10,01:26.950
2025-04-04 17:43:48,9,Esteban Ocon,30,93.25,2768.75,11,01:33.250
2025-04-04 17:43:41,2,Max Verstappen,30,91.51,2773.47,12,01:31.510
2025-04-04 17:43:50,11,Valtteri Bottas,30,86.53,2778.54,13,01:26.530
2025-04-04 17:43:47,8,Sergio Perez,30,96.7,2779.23,14,01:36.700
2025-04-04 17:43:58,19,Lance Stroll,30,89.12,2780.36,15,01:29.120
2025-04-04 17:43:45,6,George Russell,30,93.05,2781.54,16,01:33.050
2025-04-04 17:43:59,20,Daniel Ricciardo,30,94.89,2782.22,17,01:34.890
2025-04-04 17:43:56,17,Logan Sargeant,30,89.2,2785.98,18,01:29.200
2025-04-04 17:43:57,18,Oscar Piastri,30,94.97,2786.78,19,01:34.970
2025-04-04 17:43:53,14,Nico Hulkenberg,30,93.55,2807.95,20,01:33.550
2025-04-04 17:44:24,5,Carlos Sainz,31,91.1,2823.74,1,01:31.100
2025-04-04 17:44:23,4,Lando Norris,31,87.72,2824.81,2,01:27.720
2025-04-04 17:44:34,15,Zhou Guanyu,31,86.34,2828.75,3,01:26.340
2025-04-04 17:44:32,13,Yuki Tsunoda,31,88.21,2831.63,4,01:28.210
2025-04-04 17:44:20,1,Lewis Hamilton,31,96.73,2835.35,5,01:36.730
2025-04-04 17:44:22,3,Charles Leclerc,31,91.56,2836.04,6,01:31.560
2025-04-04 17:44:26,7,Fernando Alonso,31,91.69,2849.0,7,01:31.690
2025-04-04 17:44:31,12,Kevin Magnussen,31,88.33,2849.38,8,01:28.330
2025-04-04 17:44:35,16,Alexander Albon,31,95.65,2856.54,9,01:35.650
2025-04-04 17:44:29,10,Pierre Gasly,31,97.93,2860.89,10,01:37.930
2025-04-04 17:44:28,9,Esteban Ocon,31,93.34,2862.09,11,01:33.340
2025-04-04 17:44:21,2,Max Verstappen,31,89.9,2863.37,12,01:29.900
2025-04-04 17:44:27,8,Sergio Perez,31,90.32,2869.55,13,01:30.320
2025-04-04 17:44:30,11,Valtteri Bottas,31,95.23,2873.77,14,01:35.230
2025-04-04 17:44:39,20,Daniel Ricciardo,31,93.49,2875.71,15,01:33.490
2025-04-04 17:44:38,19,Lance Stroll,31,95.85,2876.21,16,01:35.850
2025-04-04 17:44:37,18,Oscar Piastri,31,90.13,2876.91,17,01:30.130
2025-04-04 17:44:36,17,Logan Sargeant,31,91.55,2877.53,18,01:31.550
2025-04-04 17:44:25,6,George Russell,31,97.26,2878.8,19,01:37.260
2025-04-04 17:44:33,14,Nico Hulkenberg,31,85.65,2893.6,20,01:25.650
2025-04-04 17:45:03,4,Lando Norris,32,85.99,2910.8,1,01:25.990
2025-04-04 17:45:04,5,Carlos Sainz,32,93.7,2917.44,2,01:33.700
2025-04-04 17:45:14,15,Zhou Guanyu,32,93.73,2922.48,3,01:33.730
2025-04-04 17:45:00,1,Lewis Hamilton,32,90.7,2926.05,4,01:30.700
2025-04-04 17:45:12,13,Yuki Tsunoda,32,98.42,2930.05,5,01:38.420
2025-04-04 17:45:02,3,Charles Leclerc,32,94.59,2930.63,6,01:34.590
2025-04-04 17:45:11,12,Kevin Magnussen,32,88.96,2938.34,7,01:28.960
2025-04-04 17:45:06,7,Fernando Alonso,32,94.52,2943.52,8,01:34.520
2025-04-04 17:45:15,16,Alexander Albon,32,88.69,2945.23,9,01:28.690
2025-04-04 17:45:09,10,Pierre Gasly,32,87.82,2948.71,10,01:27.820
2025-04-04 17:45:01,2,Max Verstappen,32,88.13,2951.5,11,01:28.130
2025-04-04 17:45:10,11,Valtteri Bottas,32,85.14,2958.91,12,01:25.140
2025-04-04 17:45:08,9,Esteban Ocon,32,98.89,2960.98,13,01:38.890
2025-04-04 17:45:16,17,Logan Sargeant,32,85.43,2962.96,14,01:25.430
2025-04-04 17:45:05,6,George Russell,32,89.94,2968.74,15,01:29.940
2025-04-04 17:45:17,18,Oscar Piastri,32,92.28,2969.19,16,01:32.280
2025-04-04 17:45:07,8,Sergio Perez,32,99.86,2969.41,17,01:39.860
2025-04-04 17:45:18,19,Lance Stroll,32,94.67,2970.88,18,01:34.670
2025-04-04 17:45:19,20,Daniel Ricciardo,32,97.49,2973.2,19,01:37.490
2025-04-04 17:45:13,14,Nico Hulkenberg,32,86.2,2979.8,20,01:26.200
2025-04-04 17:45:43,4,Lando Norris,33,85.56,2996.36,1,01:25.560
2025-04-04 17:45:44,5,Carlos Sainz,33,93.28,3010.72,2,01:33.280
2025-04-04 17:45:54,15,Zhou Guanyu,33,89.52,3012.0,3,01:29.520
2025-04-04 17:45:40,1,Lewis Hamilton,33,87.27,3013.32,4,01:27.270
2025-04-04 17:45:42,3,Charles Leclerc,33,92.31,3022.94,5,01:32.310
2025-04-04 17:45:52,13,Yuki Tsunoda,33,96.34,3026.39,6,01:36.340
2025-04-04 17:45:51,12,Kevin Magnussen,33,88.54,3026.88,7,01:28.540
2025-04-04 17:45:55,16,Alexander Albon,33,88.35,3033.58,8,01:28.350
2025-04-04 17:45:49,10,Pierre Gasly,33,85.09,3033.8,9,01:25.090
2025-04-04 17:45:46,7,Fernando Alonso,33,96.74,3040.26,10,01:36.740
2025-04-04 17:45:48,9,Esteban Ocon,33,87.25,3048.23,11,01:27.250
2025-04-04 17:45:50,11,Valtteri Bottas,33,90.09,3049.0,12,01:30.090
2025-04-04 17:45:41,2,Max Verstappen,33,97.97,3049.47,13,01:37.970
2025-04-04 17:45:58,19,Lance Stroll,33,86.4,3057.28,14,01:26.400
2025-04-04 17:45:56,17,Logan Sargeant,33,95.14,3058.1,15,01:35.140
2025-04-04 17:45:45,6,George Russell,33,92.14,3060.88,16,01:32.140
2025-04-04 17:45:47,8,Sergio Perez,33,92.32,3061.73,17,01:32.320
2025-04-04 17:45:57,18,Oscar Piastri,33,97.52,3066.71,18,01:37.520
2025-04-04 17:45:59,20,Daniel Ricciardo,33,95.38,3068.58,19,01:35.380
2025-04-04 17:45:53,14,Nico Hulkenberg,33,97.01,3076.81,20,01:37.010
2025-04-04 17:46:23,4,Lando Norris,34,98.11,3094.47,1,01:38.110
2025-04-04 17:46:24,5,Carlos Sainz,34,85.97,3096.69,2,01:25.970
2025-04-04 17:46:34,15,Zhou Guanyu,34,88.5,3100.5,3,01:28.500
2025-04-04 17:46:20,1,Lewis Hamilton,34,92.63,3105.95,4,01:32.630
2025-04-04 17:46:22,3,Charles Leclerc,34,93.0,3115.94,5,01:33.000
2025-04-04 17:46:32,13,Yuki Tsunoda,34,95.61,3122.0,6,01:35.610
2025-04-04 17:46:31,12,Kevin Magnussen,34,96.51,3123.39,7,01:36.510
2025-04-04 17:46:35,16,Alexander Albon,34,89.88,3123.46,8,01:29.880
2025-04-04 17:46:26,7,Fernando Alonso,34,87.94,3128.2,9,01:27.940
2025-04-04 17:46:29,10,Pierre Gasly,34,98.6,3132.4,10,01:38.600
2025-04-04 17:46:21,2,Max Verstappen,34,90.96,3140.43,11,01:30.960
2025-04-04 17:46:30,11,Valtteri Bottas,34,92.21,3141.21,12,01:32.210
2025-04-04 17:46:28,9,Esteban Ocon,34,97.91,3146.14,13,01:37.910
2025-04-04 17:46:27,8,Sergio Perez,34,85.47,3147.2,14,01:25.470
2025-04-04 17:46:36,17,Logan Sargeant,34,89.91,3148.01,15,01:29.910
2025-04-04 17:46:25,6,George Russell,34,88.51,3149.39,16,01:28.510
2025-04-04 17:46:38,19,Lance Stroll,34,95.56,3152.84,17,01:35.560
2025-04-04 17:46:39,20,Daniel Ricciardo,34,90.71,3159.29,18,01:30.710
2025-04-04 17:46:33,14,Nico Hulkenberg,34,86.68,3163.49,19,01:26.680
2025-04-04 17:46:37,18,Oscar Piastri,34,98.32,3165.03,20,01:38.320
2025-04-04 17:47:03,4,Lando Norris,35,97.52,3191.99,1,01:37.520
2025-04-04 17:47:04,5,Carlos Sainz,35,96.11,3192.8,2,01:36.110
2025-04-04 17:47:14,15,Zhou Guanyu,35,98.95,3199.45,3,01:38.950
2025-04-04 17:47:00,1,Lewis Hamilton,35,98.95,3204.9,4,01:38.950
2025-04-04 17:47:02,3,Charles Leclerc,35,92.82,3208.76,5,01:32.820
2025-04-04 17:47:11,12,Kevin Magnussen,35,87.11,3210.5,6,01:27.110
2025-04-04 17:47:15,16,Alexander Albon,35,89.52,3212.98,7,01:29.520
2025-04-04 17:47:06,7,Fernando Alonso,35,87.56,3215.76,8,01:27.560
2025-04-04 17:47:12,13,Yuki Tsunoda,35,98.86,3220.86,9,01:38.860
2025-04-04 17:47:09,10,Pierre Gasly,35,94.92,3227.32,10,01:34.920
2025-04-04 17:47:01,2,Max Verstappen,35,88.85,3229.28,11,01:28.850
2025-04-04 17:47:10,11,Valtteri Bottas,35,89.44,3230.65,12,01:29.440
2025-04-04 17:47:16,17,Logan Sargeant,35,87.35,3235.36,13,01:27.350
2025-04-04 17:47:08,9,Esteban Ocon,35,92.02,3238.16,14,01:32.020
2025-04-04 17:47:07,8,Sergio Perez,35,98.38,3245.58,15,01:38.380
2025-04-04 17:47:05,6,George Russell,35,99.25,3248.64,16,01:39.250
2025-04-04 17:47:18,19,Lance Stroll,35,96.82,3249.66,17,01:36.820
2025-04-04 17:47:13,14,Nico Hulkenberg,35,88.01,3251.5,18,01:28.010
2025-04-04 17:47:19,20,Daniel Ricciardo,35,95.96,3255.25,19,01:35.960
2025-04-04 17:47:17,18,Oscar Piastri,35,91.69,3256.72,20,01:31.690
2025-04-04 17:47:43,4,Lando Norris,36,91.78,3283.77,1,01:31.780
2025-04-04 17:47:44,5,Carlos Sainz,36,92.91,3285.71,2,01:32.910
2025-04-04 17:47:40,1,Lewis Hamilton,36,87.29,3292.19,3,01:27.290
2025-04-04 17:47:42,3,Charles Leclerc,36,86.83,3295.59,4,01:26.830
2025-04-04 17:47:54,15,Zhou Guanyu,36,98.43,3297.88,5,01:38.430
2025-04-04 17:47:51,12,Kevin Magnussen,36,91.22,3301.72,6,01:31.220
2025-04-04 17:47:46,7,Fernando Alonso,36,87.26,3303.02,7,01:27.260
2025-04-04 17:47:55,16,Alexander Albon,36,91.28,3304.26,8,01:31.280
2025-04-04 17:47:52,13,Yuki Tsunoda,36,86.43,3307.29,9,01:26.430
2025-04-04 17:47:49,10,Pierre Gasly,36,87.26,3314.58,10,01:27.260
2025-04-04 17:47:50,11,Valtteri Bottas,36,85.49,3316.14,11,01:25.490
2025-04-04 17:47:41,2,Max Verstappen,36,89.7,3318.98,12,01:29.700
2025-04-04 17:47:56,17,Logan Sargeant,36,91.52,3326.88,13,01:31.520
2025-04-04 17:47:48,9,Esteban Ocon,36,98.32,3336.48,14,01:38.320
2025-04-04 17:47:53,14,Nico Hulkenberg,36,86.97,3338.47,15,01:26.970
2025-04-04 17:47:45,6,George Russell,36,91.05,3339.69,16,01:31.050
2025-04-04 17:47:47,8,Sergio Perez,36,96.55,3342.13,17,01:36.550
2025-04-04 17:47:59,20,Daniel Ricciardo,36,88.33,3343.58,18,01:28.330
2025-04-04 17:47:58,19,Lance Stroll,36,98.73,3348.39,19,01:38.730
2025-04-04 17:47:57,18,Oscar Piastri,36,99.84,3356.56,20,01:39.840
2025-04-04 17:48:23,4,Lando Norris,37,90.08,3373.85,1,01:30.080
2025-04-04 17:48:24,5,Carlos Sainz,37,93.55,3379.26,2,01:33.550
2025-04-04 17:48:20,1,Lewis Hamilton,37,92.25,3384.44,3,01:32.250
2025-04-04 17:48:22,3,Charles Leclerc,37,92.89,3388.48,4,01:32.890
2025-04-04 17:48:26,7,Fernando Alonso,37,85.53,3388.55,5,01:25.530
2025-04-04 17:48:35,16,Alexander Albon,37,88.42,3392.68,6,01:28.420
2025-04-04 17:48:32,13,Yuki Tsunoda,37,89.04,3396.33,7,01:29.040
2025-04-04 17:48:34,15,Zhou Guanyu,37,99.37,3397.25,8,01:39.370
2025-04-04 17:48:31,12,Kevin Magnussen,37,96.83,3398.55,9,01:36.830
2025-04-04 17:48:21,2,Max Verstappen,37,85.51,3404.49,10,01:25.510
2025-04-04 17:48:30,11,Valtteri Bottas,37,89.39,3405.53,11,01:29.390
2025-04-04 17:48:29,10,Pierre Gasly,37,91.16,3405.74,12,01:31.160
2025-04-04 17:48:36,17,Logan Sargeant,37,96.05,3422.93,13,01:36.050
2025-04-04 17:48:33,14,Nico Hulkenberg,37,88.62,3427.09,14,01:28.620
2025-04-04 17:48:28,9,Esteban Ocon,37,93.85,3430.33,15,01:33.850
2025-04-04 17:48:25,6,George Russell,37,92.95,3432.64,16,01:32.950
2025-04-04 17:48:27,8,Sergio Perez,37,93.67,3435.8,17,01:33.670
2025-04-04 17:48:39,20,Daniel Ricciardo,37,92.81,3436.39,18,01:32.810
2025-04-04 17:48:38,19,Lance Stroll,37,93.64,3442.03,19,01:33.640
2025-04-04 17:48:37,18,Oscar Piastri,37,96.78,3453.34,20,01:36.780
2025-04-04 17:49:03,4,Lando Norris,38,98.22,3472.07,1,01:38.220
2025-04-04 17:49:04,5,Carlos Sainz,38,98.9,3478.16,2,01:38.900
2025-04-04 17:49:02,3,Charles Leclerc,38,92.59,3481.07,3,01:32.590
2025-04-04 17:49:06,7,Fernando Alonso,38,94.25,3482.8,4,01:34.250
2025-04-04 17:49:15,16,Alexander Albon,38,91.39,3484.07,5,01:31.390
2025-04-04 17:49:00,1,Lewis Hamilton,38,99.7,3484.14,6,01:39.700
2025-04-04 17:49:11,12,Kevin Magnussen,38,86.43,3484.98,7,01:26.430
2025-04-04 17:49:12,13,Yuki Tsunoda,38,91.1,3487.43,8,01:31.100
2025-04-04 17:49:14,15,Zhou Guanyu,38,90.19,3487.44,9,01:30.190
2025-04-04 17:49:01,2,Max Verstappen,38,96.67,3501.16,10,01:36.670
2025-04-04 17:49:10,11,Valtteri Bottas,38,98.2,3503.73,11,01:38.200
2025-04-04 17:49:09,10,Pierre Gasly,38,99.07,3504.81,12,01:39.070
2025-04-04 17:49:16,17,Logan Sargeant,38,87.89,3510.82,13,01:27.890
2025-04-04 17:49:13,14,Nico Hulkenberg,38,92.15,3519.24,14,01:32.150
2025-04-04 17:49:08,9,Esteban Ocon,38,91.77,3522.1,15,01:31.770
2025-04-04 17:49:19,20,Daniel Ricciardo,38,86.36,3522.75,16,01:26.360
2025-04-04 17:49:05,6,George Russell,38,93.7,3526.34,17,01:33.700
2025-04-04 17:49:07,8,Sergio Perez,38,96.92,3532.72,18,01:36.920
2025-04-04 17:49:18,19,Lance Stroll,38,93.65,3535.68,19,01:33.650
2025-04-04 17:49:17,18,Oscar Piastri,38,87.51,3540.85,20,01:27.510
2025-04-04 17:49:43,4,Lando Norris,39,90.52,3562.59,1,01:30.520
2025-04-04 17:49:46,7,Fernando Alonso,39,87.15,3569.95,2,01:27.150
2025-04-04 17:49:51,12,Kevin Magnussen,39,86.79,3571.77,3,01:26.790
2025-04-04 17:49:55,16,Alexander Albon,39,89.13,3573.2,4,01:29.130
2025-04-04 17:49:54,15,Zhou Guanyu,39,85.93,3573.37,5,01:25.930
2025-04-04 17:49:44,5,Carlos Sainz,39,97.66,3575.82,6,01:37.660
2025-04-04 17:49:42,3,Charles Leclerc,39,97.42,3578.49,7,01:37.420
2025-04-04 17:49:52,13,Yuki Tsunoda,39,94.99,3582.42,8,01:34.990
2025-04-04 17:49:40,1,Lewis Hamilton,39,99.99,3584.13,9,01:39.990
2025-04-04 17:49:50,11,Valtteri Bottas,39,88.1,3591.83,10,01:28.100
2025-04-04 17:49:49,10,Pierre Gasly,39,87.29,3592.1,11,01:27.290
2025-04-04 17:49:56,17,Logan Sargeant,39,87.3,3598.12,12,01:27.300
2025-04-04 17:49:41,2,Max Verstappen,39,97.04,3598.2,13,01:37.040
2025-04-04 17:49:59,20,Daniel Ricciardo,39,87.52,3610.27,14,01:27.520
2025-04-04 17:49:53,14,Nico Hulkenberg,39,97.51,3616.75,15,01:37.510
2025-04-04 17:49:48,9,Esteban Ocon,39,95.98,3618.08,16,01:35.980
2025-04-04 17:49:47,8,Sergio Perez,39,86.6,3619.32,17,01:26.600
2025-04-04 17:49:45,6,George Russell,39,97.7,3624.04,18,01:37.700
2025-04-04 17:49:58,19,Lance Stroll,39,95.94,3631.62,19,01:35.940
2025-04-04 17:49:57,18,Oscar Piastri,39,91.31,3632.16,20,01:31.310
2025-04-04 17:50:23,4,Lando Norris,40,90.25,3652.84,1,01:30.250
2025-04-04 17:50:31,12,Kevin Magnussen,40,93.47,3665.24,2,01:33.470
2025-04-04 17:50:26,7,Fernando Alonso,40,96.02,3665.97,3,01:36.020
2025-04-04 17:50:34,15,Zhou Guanyu,40,93.06,3666.43,4,01:33.060
2025-04-04 17:50:22,3,Charles Leclerc,40,91.84,3670.33,5,01:31.840
2025-04-04 17:50:20,1,Lewis Hamilton,40,86.64,3670.77,6,01:26.640
2025-04-04 17:50:35,16,Alexander Albon,40,99.49,3672.69,7,01:39.490
2025-04-04 17:50:24,5,Carlos Sainz,40,97.55,3673.37,8,01:37.550
2025-04-04 17:50:32,13,Yuki Tsunoda,40,93.3,3675.72,9,01:33.300
2025-04-04 17:50:30,11,Valtteri Bottas,40,95.9,3687.73,10,01:35.900
2025-04-04 17:50:21,2,Max Verstappen,40,92.17,3690.37,11,01:32.170
2025-04-04 17:50:29,10,Pierre Gasly,40,98.28,3690.38,12,01:38.280
2025-04-04 17:50:36,17,Logan Sargeant,40,93.4,3691.52,13,01:33.400
2025-04-04 17:50:39,20,Daniel Ricciardo,40,94.45,3704.72,14,01:34.450
2025-04-04 17:50:25,6,George Russell,40,85.34,3709.38,15,01:25.340
2025-04-04 17:50:33,14,Nico Hulkenberg,40,93.61,3710.36,16,01:33.610
2025-04-04 17:50:28,9,Esteban Ocon,40,93.49,3711.57,17,01:33.490
2025-04-04 17:50:27,8,Sergio Perez,40,93.65,3712.97,18,01:33.650
2025-04-04 17:50:37,18,Oscar Piastri,40,86.43,3718.59,19,01:26.430
2025-04-04 17:50:38,19,Lance Stroll,40,99.63,3731.25,20,01:39.630
2025-04-04 17:51:03,4,Lando Norris,41,87.55,3740.39,1,01:27.550
2025-04-04 17:51:14,15,Zhou Guanyu,41,91.87,3758.3,2,01:31.870
2025-04-04 17:51:02,3,Charles Leclerc,41,89.82,3760.15,3,01:29.820
2025-04-04 17:51:06,7,Fernando Alonso,41,94.69,3760.66,4,01:34.690
2025-04-04 17:51:11,12,Kevin Magnussen,41,97.4,3762.64,5,01:37.400
2025-04-04 17:51:15,16,Alexander Albon,41,94.63,3767.32,6,01:34.630
2025-04-04 17:51:00,1,Lewis Hamilton,41,98.44,3769.21,7,01:38.440
2025-04-04 17:51:04,5,Carlos Sainz,41,97.81,3771.18,8,01:37.810
2025-04-04 17:51:12,13,Yuki Tsunoda,41,96.17,3771.89,9,01:36.170
2025-04-04 17:51:10,11,Valtteri Bottas,41,88.39,3776.12,10,01:28.390
2025-04-04 17:51:01,2,Max Verstappen,41,89.02,3779.39,11,01:29.020
2025-04-04 17:51:09,10,Pierre Gasly,41,92.18,3782.56,12,01:32.180
2025-04-04 17:51:16,17,Logan Sargeant,41,95.86,3787.38,13,01:35.860
2025-04-04 17:51:13,14,Nico Hulkenberg,41,85.86,3796.22,14,01:25.860
2025-04-04 17:51:08,9,Esteban Ocon,41,88.29,3799.86,15,01:28.290
2025-04-04 17:51:07,8,Sergio Perez,41,87.87,3800.84,16,01:27.870
2025-04-04 17:51:05,6,George Russell,41,91.51,3800.89,17,01:31.510
2025-04-04 17:51:19,20,Daniel Ricciardo,41,99.41,3804.13,18,01:39.410
2025-04-04 17:51:17,18,Oscar Piastri,41,87.49,3806.08,19,01:27.490
2025-04-04 17:51:18,19,Lance Stroll,41,91.57,3822.82,20,01:31.570
2025-04-04 17:51:43,4,Lando Norris,42,85.51,3825.9,1,01:25.510
2025-04-04 17:51:42,3,Charles Leclerc,42,85.6,3845.75,2,01:25.600
2025-04-04 17:51:54,15,Zhou Guanyu,42,87.93,3846.23,3,01:27.930
2025-04-04 17:51:46,7,Fernando Alonso,42,89.76,3850.42,4,01:29.760
2025-04-04 17:51:40,1,Lewis Hamilton,42,85.07,3854.28,5,01:25.070
2025-04-04 17:51:51,12,Kevin Magnussen,42,93.02,3855.66,6,01:33.020
2025-04-04 17:51:55,16,Alexander Albon,42,95.44,3862.76,7,01:35.440
2025-04-04 17:51:52,13,Yuki Tsunoda,42,94.11,3866.0,8,01:34.110
2025-04-04 17:51:41,2,Max Verstappen,42,87.37,3866.76,9,01:27.370
2025-04-04 17:51:44,5,Carlos Sainz,42,96.83,3868.01,10,01:36.830
2025-04-04 17:51:49,10,Pierre Gasly,42,85.67,3868.23,11,01:25.670
2025-04-04 17:51:50,11,Valtteri Bottas,42,93.1,3869.22,12,01:33.100
2025-04-04 17:51:56,17,Logan Sargeant,42,95.77,3883.15,13,01:35.770
2025-04-04 17:51:53,14,Nico Hulkenberg,42,87.76,3883.98,14,01:27.760
2025-04-04 17:51:48,9,Esteban Ocon,42,86.38,3886.24,15,01:26.380
2025-04-04 17:51:45,6,George Russell,42,89.81,3890.7,16,01:29.810
2025-04-04 17:51:57,18,Oscar Piastri,42,85.97,3892.05,17,01:25.970
2025-04-04 17:51:47,8,Sergio Perez,42,93.88,3894.72,18,01:33.880
2025-04-04 17:51:59,20,Daniel Ricciardo,42,92.03,3896.16,19,01:32.030
2025-04-04 17:51:58,19,Lance Stroll,42,95.49,3918.31,20,01:35.490
2025-04-04 17:52:23,4,Lando Norris,43,97.92,3923.82,1,01:37.920
2025-04-04 17:52:22,3,Charles Leclerc,43,88.81,3934.56,2,01:28.810
2025-04-04 17:52:26,7,Fernando Alonso,43,87.54,3937.96,3,01:27.540
2025-04-04 17:52:34,15,Zhou Guanyu,43,93.25,3939.48,4,01:33.250
2025-04-04 17:52:31,12,Kevin Magnussen,43,88.28,3943.94,5,01:28.280
2025-04-04 17:52:20,1,Lewis Hamilton,43,90.69,3944.97,6,01:30.690
2025-04-04 17:52:35,16,Alexander Albon,43,90.71,3953.47,7,01:30.710
2025-04-04 17:52:32,13,Yuki Tsunoda,43,89.54,3955.54,8,01:29.540
2025-04-04 17:52:24,5,Carlos Sainz,43,89.61,3957.62,9,01:29.610
2025-04-04 17:52:29,10,Pierre Gasly,43,93.65,3961.88,10,01:33.650
2025-04-04 17:52:21,2,Max Verstappen,43,95.78,3962.54,11,01:35.780
2025-04-04 17:52:30,11,Valtteri Bottas,43,93.6,3962.82,12,01:33.600
2025-04-04 17:52:33,14,Nico Hulkenberg,43,86.59,3970.57,13,01:26.590
2025-04-04 17:52:36,17,Logan Sargeant,43,97.05,3980.2,14,01:37.050
2025-04-04 17:52:28,9,Esteban Ocon,43,96.82,3983.06,15,01:36.820
2025-04-04 17:52:37,18,Oscar Piastri,43,91.39,3983.44,16,01:31.390
2025-04-04 17:52:27,8,Sergio Perez,43,89.87,3984.59,17,01:29.870
2025-04-04 17:52:25,6,George Russell,43,95.62,3986.32,18,01:35.620
2025-04-04 17:52:39,20,Daniel Ricciardo,43,92.56,3988.72,19,01:32.560
2025-04-04 17:52:38,19,Lance Stroll,43,94.3,4012.61,20,01:34.300
2025-04-04 17:53:03,4,Lando Norris,44,87.8,4011.62,1,01:27.800
2025-04-04 17:53:02,3,Charles Leclerc,44,85.43,4019.99,2,01:25.430
2025-04-04 17:53:06,7,Fernando Alonso,44,89.87,4027.83,3,01:29.870
2025-04-04 17:53:14,15,Zhou Guanyu,44,89.3,4028.78,4,01:29.300
2025-04-04 17:53:00,1,Lewis Hamilton,44,85.09,4030.06,5,01:25.090
2025-04-04 17:53:11,12,Kevin Magnussen,44,97.99,4041.93,6,01:37.990
2025-04-04 17:53:15,16,Alexander Albon,44,93.54,4047.01,7,01:33.540
2025-04-04 17:53:12,13,Yuki Tsunoda,44,93.86,4049.4,8,01:33.860
2025-04-04 17:53:01,2,Max Verstappen,44,88.99,4051.53,9,01:28.990
2025-04-04 17:53:04,5,Carlos Sainz,44,96.86,4054.48,10,01:36.860
2025-04-04 17:53:09,10,Pierre Gasly,44,94.83,4056.71,11,01:34.830
2025-04-04 17:53:13,14,Nico Hulkenberg,44,89.23,4059.8,12,01:29.230
2025-04-04 17:53:10,11,Valtteri Bottas,44,99.68,4062.5,13,01:39.680
2025-04-04 17:53:17,18,Oscar Piastri,44,87.85,4071.29,14,01:27.850
2025-04-04 17:53:07,8,Sergio Perez,44,89.55,4074.14,15,01:29.550
2025-04-04 17:53:16,17,Logan Sargeant,44,99.19,4079.39,16,01:39.190
2025-04-04 17:53:08,9,Esteban Ocon,44,97.69,4080.75,17,01:37.690
2025-04-04 17:53:19,20,Daniel Ricciardo,44,95.09,4083.81,18,01:35.090
2025-04-04 17:53:05,6,George Russell,44,99.37,4085.69,19,01:39.370
2025-04-04 17:53:18,19,Lance Stroll,44,88.31,4100.92,20,01:28.310
2025-04-04 17:53:43,4,Lando Norris,45,93.34,4104.96,1,01:33.340
2025-04-04 17:53:42,3,Charles Leclerc,45,92.02,4112.01,2,01:32.020
2025-04-04 17:53:46,7,Fernando Alonso,45,88.08,4115.91,3,01:28.080
2025-04-04 17:53:40,1,Lewis Hamilton,45,89.59,4119.65,4,01:29.590
2025-04-04 17:53:54,15,Zhou Guanyu,45,97.02,4125.8,5,01:37.020
2025-04-04 17:53:51,12,Kevin Magnussen,45,96.7,4138.63,6,01:36.700
2025-04-04 17:53:41,2,Max Verstappen,45,90.08,4141.61,7,01:30.080
2025-04-04 17:53:52,13,Yuki Tsunoda,45,96.2,4145.6,8,01:36.200
2025-04-04 17:53:44,5,Carlos Sainz,45,91.59,4146.07,9,01:31.590
2025-04-04 17:53:55,16,Alexander Albon,45,99.54,4146.55,10,01:39.540
2025-04-04 17:53:49,10,Pierre Gasly,45,92.34,4149.05,11,01:32.340
2025-04-04 17:53:50,11,Valtteri Bottas,45,90.67,4153.17,12,01:30.670
2025-04-04 17:53:53,14,Nico Hulkenberg,45,99.99,4159.79,13,01:39.990
2025-04-04 17:53:57,18,Oscar Piastri,45,94.34,4165.63,14,01:34.340
2025-04-04 17:53:47,8,Sergio Perez,45,93.5,4167.64,15,01:33.500
2025-04-04 17:53:48,9,Esteban Ocon,45,87.72,4168.47,16,01:27.720
2025-04-04 17:53:59,20,Daniel Ricciardo,45,85.7,4169.51,17,01:25.700
2025-04-04 17:53:56,17,Logan Sargeant,45,90.37,4169.76,18,01:30.370
2025-04-04 17:53:45,6,George Russell,45,91.02,4176.71,19,01:31.020
2025-04-04 17:53:58,19,Lance Stroll,45,95.93,4196.85,20,01:35.930
2025-04-04 17:54:23,4,Lando Norris,46,89.17,4194.13,1,01:29.170
2025-04-04 17:54:22,3,Charles Leclerc,46,93.39,4205.4,2,01:33.390
2025-04-04 17:54:20,1,Lewis Hamilton,46,92.96,4212.61,3,01:32.960
2025-04-04 17:54:26,7,Fernando Alonso,46,97.39,4213.3,4,01:37.390
2025-04-04 17:54:34,15,Zhou Guanyu,46,97.24,4223.04,5,01:37.240
2025-04-04 17:54:31,12,Kevin Magnussen,46,93.22,4231.85,6,01:33.220
2025-04-04 17:54:21,2,Max Verstappen,46,94.13,4235.74,7,01:34.130
2025-04-04 17:54:29,10,Pierre Gasly,46,86.7,4235.75,8,01:26.700
2025-04-04 17:54:35,16,Alexander Albon,46,92.23,4238.78,9,01:32.230
2025-04-04 17:54:30,11,Valtteri Bottas,46,85.91,4239.08,10,01:25.910
2025-04-04 17:54:24,5,Carlos Sainz,46,96.69,4242.76,11,01:36.690
2025-04-04 17:54:32,13,Yuki Tsunoda,46,99.92,4245.52,12,01:39.920
2025-04-04 17:54:36,17,Logan Sargeant,46,87.02,4256.78,13,01:27.020
2025-04-04 17:54:39,20,Daniel Ricciardo,46,88.07,4257.58,14,01:28.070
2025-04-04 17:54:33,14,Nico Hulkenberg,46,97.88,4257.67,15,01:37.880
2025-04-04 17:54:28,9,Esteban Ocon,46,95.79,4264.26,16,01:35.790
2025-04-04 17:54:37,18,Oscar Piastri,46,99.41,4265.04,17,01:39.410
2025-04-04 17:54:27,8,Sergio Perez,46,98.94,4266.58,18,01:38.940
2025-04-04 17:54:25,6,George Russell,46,93.7,4270.41,19,01:33.700
2025-04-04 17:54:38,19,Lance Stroll,46,91.64,4288.49,20,01:31.640
2025-04-04 17:55:03,4,Lando Norris,47,95.63,4289.76,1,01:35.630
2025-04-04 17:55:02,3,Charles Leclerc,47,91.36,4296.76,2,01:31.360
2025-04-04 17:55:06,7,Fernando Alonso,47,86.17,4299.47,3,01:26.170
2025-04-04 17:55:00,1,Lewis Hamilton,47,93.43,4306.04,4,01:33.430
2025-04-04 17:55:14,15,Zhou Guanyu,47,91.38,4314.42,5,01:31.380
2025-04-04 17:55:11,12,Kevin Magnussen,47,86.72,4318.57,6,01:26.720
2025-04-04 17:55:01,2,Max Verstappen,47,86.61,4322.35,7,01:26.610
2025-04-04 17:55:15,16,Alexander Albon,47,86.28,4325.06,8,01:26.280
2025-04-04 17:55:09,10,Pierre Gasly,47,91.3,4327.05,9,01:31.300
2025-04-04 17:55:10,11,Valtteri Bottas,47,99.43,4338.51,10,01:39.430
2025-04-04 17:55:04,5,Carlos Sainz,47,96.24,4339.0,11,01:36.240
2025-04-04 17:55:12,13,Yuki Tsunoda,47,96.6,4342.12,12,01:36.600
2025-04-04 17:55:16,17,Logan Sargeant,47,89.75,4346.53,13,01:29.750
2025-04-04 17:55:19,20,Daniel Ricciardo,47,89.7,4347.28,14,01:29.700
2025-04-04 17:55:08,9,Esteban Ocon,47,86.68,4350.94,15,01:26.680
2025-04-04 17:55:13,14,Nico Hulkenberg,47,96.97,4354.64,16,01:36.970
2025-04-04 17:55:17,18,Oscar Piastri,47,92.64,4357.68,17,01:32.640
2025-04-04 17:55:07,8,Sergio Perez,47,98.79,4365.37,18,01:38.790
2025-04-04 17:55:05,6,George Russell,47,96.66,4367.07,19,01:36.660
2025-04-04 17:55:18,19,Lance Stroll,47,94.05,4382.54,20,01:34.050
2025-04-04 17:55:43,4,Lando Norris,48,85.33,4375.09,1,01:25.330
2025-04-04 17:55:42,3,Charles Leclerc,48,93.88,4390.64,2,01:33.880
2025-04-04 17:55:46,7,Fernando Alonso,48,95.97,4395.44,3,01:35.970
2025-04-04 17:55:40,1,Lewis Hamilton,48,92.66,4398.7,4,01:32.660
2025-04-04 17:55:54,15,Zhou Guanyu,48,95.15,4409.57,5,01:35.150
2025-04-04 17:55:55,16,Alexander Albon,48,91.28,4416.34,6,01:31.280
2025-04-04 17:55:51,12,Kevin Magnussen,48,98.86,4417.43,7,01:38.860
2025-04-04 17:55:41,2,Max Verstappen,48,99.32,4421.67,8,01:39.320
2025-04-04 17:55:49,10,Pierre Gasly,48,95.03,4422.08,9,01:35.030
2025-04-04 17:55:50,11,Valtteri Bottas,48,90.52,4429.03,10,01:30.520
2025-04-04 17:55:44,5,Carlos Sainz,48,95.63,4434.63,11,01:35.630
2025-04-04 17:55:52,13,Yuki Tsunoda,48,93.76,4435.88,12,01:33.760
2025-04-04 17:55:59,20,Daniel Ricciardo,48,91.62,4438.9,13,01:31.620
2025-04-04 17:55:48,9,Esteban Ocon,48,91.76,4442.7,14,01:31.760
2025-04-04 17:55:56,17,Logan Sargeant,48,96.66,4443.19,15,01:36.660
2025-04-04 17:55:53,14,Nico Hulkenberg,48,92.09,4446.73,16,01:32.090
2025-04-04 17:55:57,18,Oscar Piastri,48,90.7,4448.38,17,01:30.700
2025-04-04 17:55:45,6,George Russell,48,86.44,4453.51,18,01:26.440
2025-04-04 17:55:47,8,Sergio Perez,48,99.33,4464.7,19,01:39.330
2025-04-04 17:55:58,19,Lance Stroll,48,93.48,4476.02,20,01:33.480
2025-04-04 17:56:23,4,Lando Norris,49,98.59,4473.68,1,01:38.590
2025-04-04 17:56:22,3,Charles Leclerc,49,87.9,4478.54,2,01:27.900
2025-04-04 17:56:26,7,Fernando Alonso,49,90.26,4485.7,3,01:30.260
2025-04-04 17:56:20,1,Lewis Hamilton,49,87.86,4486.56,4,01:27.860
2025-04-04 17:56:34,15,Zhou Guanyu,49,90.69,4500.26,5,01:30.690
2025-04-04 17:56:21,2,Max Verstappen,49,85.26,4506.93,6,01:25.260
2025-04-04 17:56:31,12,Kevin Magnussen,49,96.57,4514.0,7,01:36.570
2025-04-04 17:56:35,16,Alexander Albon,49,98.18,4514.52,8,01:38.180
2025-04-04 17:56:29,10,Pierre Gasly,49,94.28,4516.36,9,01:34.280
2025-04-04 17:56:32,13,Yuki Tsunoda,49,85.22,4521.1,10,01:25.220
2025-04-04 17:56:30,11,Valtteri Bottas,49,92.84,4521.87,11,01:32.840
2025-04-04 17:56:24,5,Carlos Sainz,49,91.43,4526.06,12,01:31.430
2025-04-04 17:56:36,17,Logan Sargeant,49,86.49,4529.68,13,01:26.490
2025-04-04 17:56:28,9,Esteban Ocon,49,90.97,4533.67,14,01:30.970
2025-04-04 17:56:39,20,Daniel Ricciardo,49,99.67,4538.57,15,01:39.670
2025-04-04 17:56:33,14,Nico Hulkenberg,49,93.23,4539.96,16,01:33.230
2025-04-04 17:56:25,6,George Russell,49,91.9,4545.41,17,01:31.900
2025-04-04 17:56:37,18,Oscar Piastri,49,98.53,4546.91,18,01:38.530
2025-04-04 17:56:27,8,Sergio Perez,49,85.08,4549.78,19,01:25.080
2025-04-04 17:56:38,19,Lance Stroll,49,91.97,4567.99,20,01:31.970
2025-04-04 17:57:03,4,Lando Norris,50,89.75,4563.43,1,01:29.750
2025-04-04 17:57:02,3,Charles Leclerc,50,98.96,4577.5,2,01:38.960
2025-04-04 17:57:06,7,Fernando Alonso,50,92.82,4578.52,3,01:32.820
2025-04-04 17:57:00,1,Lewis Hamilton,50,92.35,4578.91,4,01:32.350
2025-04-04 17:57:14,15,Zhou Guanyu,50,95.44,4595.7,5,01:35.440
2025-04-04 17:57:01,2,Max Verstappen,50,92.13,4599.06,6,01:32.130
2025-04-04 17:57:09,10,Pierre Gasly,50,89.16,4605.52,7,01:29.160
2025-04-04 17:57:15,16,Alexander Albon,50,94.38,4608.9,8,01:34.380
2025-04-04 17:57:11,12,Kevin Magnussen,50,98.96,4612.96,9,01:38.960
2025-04-04 17:57:12,13,Yuki Tsunoda,50,94.19,4615.29,10,01:34.190
2025-04-04 17:57:10,11,Valtteri Bottas,50,97.67,4619.54,11,01:37.670
2025-04-04 17:57:08,9,Esteban Ocon,50,88.45,4622.12,12,01:28.450
2025-04-04 17:57:04,5,Carlos Sainz,50,97.19,4623.25,13,01:37.190
2025-04-04 17:57:16,17,Logan Sargeant,50,95.16,4624.84,14,01:35.160
2025-04-04 17:57:13,14,Nico Hulkenberg,50,91.5,4631.46,15,01:31.500
2025-04-04 17:57:19,20,Daniel Ricciardo,50,97.53,4636.1,16,01:37.530
2025-04-04 17:57:05,6,George Russell,50,92.06,4637.47,17,01:32.060
2025-04-04 17:57:07,8,Sergio Perez,50,91.39,4641.17,18,01:31.390
2025-04-04 17:57:17,18,Oscar Piastri,50,99.15,4646.06,19,01:39.150
2025-04-04 17:57:18,19,Lance Stroll,50,91.88,4659.87,20,01:31.880
2025-04-04 17:57:43,4,Lando Norris,51,85.45,4648.88,1,01:25.450
2025-04-04 17:57:42,3,Charles Leclerc,51,92.16,4669.66,2,01:32.160
2025-04-04 17:57:40,1,Lewis Hamilton,51,93.08,4671.99,3,01:33.080
2025-04-04 17:57:46,7,Fernando Alonso,51,94.2,4672.72,4,01:34.200
2025-04-04 17:57:41,2,Max Verstappen,51,85.71,4684.77,5,01:25.710
2025-04-04 17:57:54,15,Zhou Guanyu,51,95.61,4691.31,6,01:35.610
2025-04-04 17:57:55,16,Alexander Albon,51,87.9,4696.8,7,01:27.900
2025-04-04 17:57:49,10,Pierre Gasly,51,91.44,4696.96,8,01:31.440
2025-04-04 17:57:51,12,Kevin Magnussen,51,85.79,4698.75,9,01:25.790
2025-04-04 17:57:52,13,Yuki Tsunoda,51,91.93,4707.22,10,01:31.930
2025-04-04 17:57:44,5,Carlos Sainz,51,88.8,4712.05,11,01:28.800
2025-04-04 17:57:50,11,Valtteri Bottas,51,96.91,4716.45,12,01:36.910
2025-04-04 17:57:48,9,Esteban Ocon,51,94.41,4716.53,13,01:34.410
2025-04-04 17:57:56,17,Logan Sargeant,51,94.67,4719.51,14,01:34.670
2025-04-04 17:57:53,14,Nico Hulkenberg,51,96.95,4728.41,15,01:36.950
2025-04-04 17:57:45,6,George Russell,51,93.3,4730.77,16,01:33.300
2025-04-04 17:57:59,20,Daniel Ricciardo,51,98.26,4734.36,17,01:38.260
2025-04-04 17:57:47,8,Sergio Perez,51,98.37,4739.54,18,01:38.370
2025-04-04 17:57:57,18,Oscar Piastri,51,98.23,4744.29,19,01:38.230
2025-04-04 17:57:58,19,Lance Stroll,51,99.85,4759.72,20,01:39.850
2025-04-04 17:58:23,4,Lando Norris,52,93.02,4741.9,1,01:33.020
2025-04-04 17:58:20,1,Lewis Hamilton,52,86.67,4758.66,2,01:26.670
2025-04-04 17:58:22,3,Charles Leclerc,52,94.54,4764.2,3,01:34.540
2025-04-04 17:58:26,7,Fernando Alonso,52,94.29,4767.01,4,01:34.290
2025-04-04 17:58:21,2,Max Verstappen,52,85.51,4770.28,5,01:25.510
2025-04-04 17:58:29,10,Pierre Gasly,52,92.83,4789.79,6,01:32.830
2025-04-04 17:58:34,15,Zhou Guanyu,52,99.26,4790.57,7,01:39.260
2025-04-04 17:58:31,12,Kevin Magnussen,52,93.07,4791.82,8,01:33.070
2025-04-04 17:58:32,13,Yuki Tsunoda,52,87.68,4794.9,9,01:27.680
2025-04-04 17:58:35,16,Alexander Albon,52,98.99,4795.79,10,01:38.990
2025-04-04 17:58:30,11,Valtteri Bottas,52,86.07,4802.52,11,01:26.070
2025-04-04 17:58:24,5,Carlos Sainz,52,93.84,4805.89,12,01:33.840
2025-04-04 17:58:28,9,Esteban Ocon,52,94.6,4811.13,13,01:34.600
2025-04-04 17:58:36,17,Logan Sargeant,52,93.37,4812.88,14,01:33.370
2025-04-04 17:58:33,14,Nico Hulkenberg,52,93.12,4821.53,15,01:33.120
2025-04-04 17:58:25,6,George Russell,52,93.32,4824.09,16,01:33.320
2025-04-04 17:58:39,20,Daniel Ricciardo,52,93.54,4827.9,17,01:33.540
2025-04-04 17:58:37,18,Oscar Piastri,52,87.65,4831.94,18,01:27.650
2025-04-04 17:58:27,8,Sergio Perez,52,99.58,4839.12,19,01:39.580
2025-04-04 17:58:38,19,Lance Stroll,52,87.29,4847.01,20,01:27.290
